0.000000,12.000000,0.000000,0.000000,0.000000,0.200000,0.000000,0.000000
0.012500,12.000000,0.000000,0.000000,0.000000,0.200000,0.000000,0.000000
0.025000,12.000000,0.000000,0.000000,0.000000,0.200000,0.000000,0.000000
0.037500,12.000000,0.000000,0.000000,0.000000,0.200000,0.000000,0.000000
0.050000,12.000000,0.000000,0.000000,0.000000,0.200000,0.000000,0.000000
0.062500,12.000000,0.000000,0.000000,0.000000,0.200000,0.000000,0.000000
0.075000,12.000000,0.000000,0.000000,0.000000,0.200000,0.000000,0.000000
0.087500,12.000000,0.000000,0.000000,0.000000,0.200000,0.000000,0.000000
0.100000,12.000000,0.000000,0.000000,0.000000,0.200000,0.000000,0.000000
0.112500,12.000000,0.000000,0.000000,0.000000,0.200000,0.000000,0.000000
0.125000,12.000000,0.000000,0.000000,0.000000,0.200000,0.000000,0.000000
0.137500,12.000000,0.000000,0.000000,0.000000,0.200000,0.000000,0.000000
0.150000,12.000000,0.000000,0.000000,0.000000,0.200000,0.000000,0.000000
0.162500,12.000000,0.000000,0.000000,0.000000,0.200000,0.000000,0.000000
0.175000,12.000000,0.000000,0.000000,0.000000,0.200000,0.000000,0.000000
0.187500,12.000000,0.000000,0.000000,0.000000,0.200000,0.000000,0.000000
0.200000,12.000000,0.000000,0.000000,0.000000,0.200000,0.000000,0.000000
0.212500,12.000000,0.000000,0.000000,0.000000,0.200000,0.000000,0.000000
0.225000,12.000000,0.000000,0.000000,0.000000,0.200000,0.000000,0.000000
0.237500,12.000000,0.000000,0.000000,0.000000,0.200000,0.000000,0.000000
0.250000,12.000000,0.000000,0.000000,0.000000,0.200000,0.000000,0.000000
0.262500,12.000000,0.000000,0.000000,0.000000,0.200000,0.000000,0.000000
0.275000,12.000000,0.000000,0.000000,0.000000,0.200000,0.000000,0.000000
0.287500,12.000000,0.000000,0.000000,0.000000,0.200000,0.000000,0.000000
0.300000,12.000000,0.000000,0.000000,0.000000,0.200000,0.000000,0.000000
0.312500,12.000000,0.000000,0.000000,0.000000,0.200000,0.000000,0.000000
0.325000,12.000000,0.000000,0.000000,0.000000,0.200000,0.000000,0.000000
0.337500,12.000000,0.000000,0.000000,0.000000,0.200000,0.000000,0.000000
0.350000,12.000000,0.000000,0.000000,0.000000,0.200000,0.000000,0.000000
0.362500,12.000000,0.000000,0.000000,0.000000,0.200000,0.000000,0.000000
0.375000,12.000000,0.000000,0.000000,0.000000,0.200000,0.000000,0.000000
0.387500,12.000000,0.000000,0.000000,0.000000,0.200000,0.000000,0.000000
0.400000,12.000000,0.000000,0.000000,0.000000,0.200000,0.000000,0.000000
0.412500,12.000000,0.000000,0.000000,0.000000,0.200000,0.000000,0.000000
0.425000,12.000000,0.000000,0.000000,0.000000,0.200000,0.000000,0.000000
0.437500,12.000000,0.000000,0.000000,0.000000,0.200000,0.000000,0.000000
0.450000,12.000000,0.000000,0.000000,0.000000,0.200000,0.000000,0.000000
0.462500,12.000000,0.000000,0.000000,0.000000,0.200000,0.000000,0.000000
0.475000,12.000000,0.000000,0.000000,0.000000,0.200000,0.000000,0.000000
0.487500,12.000000,0.000000,0.000000,0.000000,0.200000,0.000000,0.000000
0.500000,12.000000,0.000000,0.000000,0.000000,0.200000,0.000000,0.000000
0.512500,12.000000,0.000000,0.000000,0.000000,0.200000,0.000000,0.000000
0.525000,12.000000,0.000000,0.000000,0.000000,0.200000,0.000000,0.000000
0.537500,12.000000,0.000000,0.000000,0.000000,0.200000,0.000000,0.000000
0.550000,12.000000,0.000000,0.000000,0.000000,0.200000,0.000000,0.000000
0.562500,12.000000,0.000000,0.000000,0.000000,0.200000,0.000000,0.000000
0.575000,12.000000,0.000000,0.000000,0.000000,0.200000,0.000000,0.000000
0.587500,12.000000,0.000000,0.000000,0.000000,0.200000,0.000000,0.000000
0.600000,12.000000,0.000000,0.000000,0.000000,0.200000,0.000000,0.000000
0.612500,12.000000,0.000000,0.000000,0.000000,0.200000,0.000000,0.000000
0.625000,12.000000,0.000000,0.000000,0.000000,0.200000,0.000000,0.000000
0.637500,12.000000,0.000000,0.000000,0.000000,0.200000,0.000000,0.000000
0.650000,12.000000,0.000000,0.000000,0.000000,0.200000,0.000000,0.000000
0.662500,12.000000,0.000000,0.000000,0.000000,0.200000,0.000000,0.000000
0.675000,12.000000,0.000000,0.000000,0.000000,0.200000,0.000000,0.000000
0.687500,12.000000,0.000000,0.000000,0.000000,0.200000,0.000000,0.000000
0.700000,12.000000,0.000000,0.000000,0.000000,0.200000,0.000000,0.000000
0.712500,12.000000,0.000000,0.000000,0.000000,0.200000,0.000000,0.000000
0.725000,12.000000,0.000000,0.000000,0.000000,0.200000,0.000000,0.000000
0.737500,12.000000,0.000000,0.000000,0.000000,0.200000,0.000000,0.000000
0.750000,12.000000,0.000000,0.000000,0.000000,0.200000,0.000000,0.000000
0.762500,12.000000,0.000000,0.000000,0.000000,0.200000,0.000000,0.000000
0.775000,12.000000,0.000000,0.000000,0.000000,0.200000,0.000000,0.000000
0.787500,12.000000,0.000000,0.000000,0.000000,0.200000,0.000000,0.000000
0.800000,12.000000,0.000000,0.000000,0.000000,0.200000,0.000000,0.000000
0.812500,12.000000,0.000000,0.000000,0.000000,0.200000,0.000000,0.000000
0.825000,12.000000,0.000000,0.000000,0.000000,0.200000,0.000000,0.000000
0.837500,12.000000,0.000000,0.000000,0.000000,0.200000,0.000000,0.000000
0.850000,12.000000,0.000000,0.000000,0.000000,0.200000,0.000000,0.000000
0.862500,12.000000,0.000000,0.000000,0.000000,0.200000,0.000000,0.000000
0.875000,12.000000,0.000000,0.000000,0.000000,0.200000,0.000000,0.000000
0.887500,12.000000,0.000000,0.000000,0.000000,0.200000,0.000000,0.000000
0.900000,12.000000,0.000000,0.000000,0.000000,0.200000,0.000000,0.000000
0.912500,12.000000,0.000000,0.000000,0.000000,0.200000,0.000000,0.000000
0.925000,12.000000,0.000000,0.000000,0.000000,0.200000,0.000000,0.000000
0.937500,12.000000,0.000000,0.000000,0.000000,0.200000,0.000000,0.000000
0.950000,12.000000,0.000000,0.000000,0.000000,0.200000,0.000000,0.000000
0.962500,12.000000,0.000000,0.000000,0.000000,0.200000,0.000000,0.000000
0.975000,12.000000,0.000000,0.000000,0.000000,0.200000,0.000000,0.000000
0.987500,12.000000,0.000000,0.000000,0.000000,0.200000,0.000000,0.000000
1.000000,12.000000,0.000000,0.000000,0.000000,0.200000,0.000000,0.000000
1.012500,12.000000,0.000000,0.000000,0.000000,0.200000,0.000000,0.000000
1.025000,12.000000,0.000000,0.000000,0.000000,0.200000,0.000000,0.000000
1.037500,12.000000,0.000000,0.000000,0.000000,0.200000,0.000000,0.000000
1.050000,12.000000,0.000000,0.000000,0.000000,0.200000,0.000000,0.000000
1.062500,12.000000,0.000000,0.000000,0.000000,0.200000,0.000000,0.000000
1.075000,12.000000,0.000000,0.000000,0.000000,0.200000,0.000000,0.000000
1.087500,12.000000,0.000000,0.000000,0.000000,0.200000,0.000000,0.000000
1.100000,12.000000,0.000000,0.000000,0.000000,0.200000,0.000000,0.000000
1.112500,12.000000,0.000000,0.000000,0.000000,0.200000,0.000000,0.000000
1.125000,12.000000,0.000000,0.000000,0.000000,0.200000,0.000000,0.000000
1.137500,12.000000,0.000000,0.000000,0.000000,0.200000,0.000000,0.000000
1.150000,12.000000,0.000000,0.000000,0.000000,0.200000,0.000000,0.000000
1.162500,12.000000,0.000000,0.000000,0.000000,0.200000,0.000000,0.000000
1.175000,12.000000,0.000000,0.000000,0.000000,0.200000,0.000000,0.000000
1.187500,12.000000,0.000000,0.000000,0.000000,0.200000,0.000000,0.000000
1.200000,12.000000,0.000000,0.000000,0.000000,0.200000,0.000000,0.000000
1.212500,12.000000,0.000000,0.000000,0.000000,0.200000,0.000000,0.000000
1.225000,12.000000,0.000000,0.000000,0.000000,0.200000,0.000000,0.000000
1.237500,12.000000,0.000000,0.000000,0.000000,0.200000,0.000000,0.000000
1.250000,12.000000,0.000000,0.000000,0.000000,0.200000,0.000000,0.000000
1.262500,12.000000,0.000000,0.000000,0.000000,0.200000,0.000000,0.000000
1.275000,12.000000,0.000000,0.000000,0.000000,0.200000,0.000000,0.000000
1.287500,12.000000,0.000000,0.000000,0.000000,0.200000,0.000000,0.000000
1.300000,12.000000,0.000000,0.000000,0.000000,0.200000,0.000000,0.000000
1.312500,12.000000,0.000000,0.000000,0.000000,0.200000,0.000000,0.000000
1.325000,12.000000,0.000000,0.000000,0.000000,0.200000,0.000000,0.000000
1.337500,12.000000,0.000000,0.000000,0.000000,0.200000,0.000000,0.000000
1.350000,12.000000,0.000000,0.000000,0.000000,0.200000,0.000000,0.000000
1.362500,12.000000,0.000000,0.000000,0.000000,0.200000,0.000000,0.000000
1.375000,12.000000,0.000000,0.000000,0.000000,0.200000,0.000000,0.000000
1.387500,12.000000,0.000000,0.000000,0.000000,0.200000,0.000000,0.000000
1.400000,12.000000,0.000000,0.000000,0.000000,0.200000,0.000000,0.000000
1.412500,12.000000,0.000000,0.000000,0.000000,0.200000,0.000000,0.000000
1.425000,12.000000,0.000000,0.000000,0.000000,0.200000,0.000000,0.000000
1.437500,12.000000,0.000000,0.000000,0.000000,0.200000,0.000000,0.000000
1.450000,12.000000,0.000000,0.000000,0.000000,0.200000,0.000000,0.000000
1.462500,12.000000,0.000000,0.000000,0.000000,0.200000,0.000000,0.000000
1.475000,12.000000,0.000000,0.000000,0.000000,0.200000,0.000000,0.000000
1.487500,12.000000,0.000000,0.000000,0.000000,0.200000,0.000000,0.000000
1.500000,12.000000,0.000000,0.000000,0.000000,0.200000,0.000000,0.000000
1.512500,12.000000,0.000000,0.000000,0.000000,0.200000,0.000000,0.000000
1.525000,12.000000,0.000000,0.000000,0.000000,0.200000,0.000000,0.000000
1.537500,12.000000,0.000000,0.000000,0.000000,0.200000,0.000000,0.000000
1.550000,12.000000,0.000000,0.000000,0.000000,0.200000,0.000000,0.000000
1.562500,12.000000,0.000000,0.000000,0.000000,0.200000,0.000000,0.000000
1.575000,12.000000,0.000000,0.000000,0.000000,0.200000,0.000000,0.000000
1.587500,12.000000,0.000000,0.000000,0.000000,0.200000,0.000000,0.000000
1.600000,12.000000,0.000000,0.000000,0.000000,0.200000,0.000000,0.000000
1.612500,12.000000,0.000000,0.000000,0.000000,0.200000,0.000000,0.000000
1.625000,12.000000,0.000000,0.000000,0.000000,0.200000,0.000000,0.000000
1.637500,12.000000,0.000000,0.000000,0.000000,0.200000,0.000000,0.000000
1.650000,12.000000,0.000000,0.000000,0.000000,0.200000,0.000000,0.000000
1.662500,12.000000,0.000000,0.000000,0.000000,0.200000,0.000000,0.000000
1.675000,12.000000,0.000000,0.000000,0.000000,0.200000,0.000000,0.000000
1.687500,12.000000,0.000000,0.000000,0.000000,0.200000,0.000000,0.000000
1.700000,12.000000,0.000000,0.000000,0.000000,0.200000,0.000000,0.000000
1.712500,12.000000,0.000000,0.000000,0.000000,0.200000,0.000000,0.000000
1.725000,12.000000,0.000000,0.000000,0.000000,0.200000,0.000000,0.000000
1.737500,12.000000,0.000000,0.000000,0.000000,0.200000,0.000000,0.000000
1.750000,12.000000,0.000000,0.000000,0.000000,0.200000,0.000000,0.000000
1.762500,12.000000,0.000000,0.000000,0.000000,0.200000,0.000000,0.000000
1.775000,12.000000,0.000000,0.000000,0.000000,0.200000,0.000000,0.000000
1.787500,12.000000,0.000000,0.000000,0.000000,0.200000,0.000000,0.000000
1.800000,12.000000,0.000000,0.000000,0.000000,0.200000,0.000000,0.000000
1.812500,12.000000,0.000000,0.000000,0.000000,0.200000,0.000000,0.000000
1.825000,12.000000,0.000000,0.000000,0.000000,0.200000,0.000000,0.000000
1.837500,12.000000,0.000000,0.000000,0.000000,0.200000,0.000000,0.000000
1.850000,12.000000,0.000000,0.000000,0.000000,0.200000,0.000000,0.000000
1.862500,12.000000,0.000000,0.000000,0.000000,0.200000,0.000000,0.000000
1.875000,12.000000,0.000000,0.000000,0.000000,0.200000,0.000000,0.000000
1.887500,12.000000,0.000000,0.000000,0.000000,0.200000,0.000000,0.000000
1.900000,12.000000,0.000000,0.000000,0.000000,0.200000,0.000000,0.000000
1.912500,12.000000,0.000000,0.000000,0.000000,0.200000,0.000000,0.000000
1.925000,12.000000,0.000000,0.000000,0.000000,0.200000,0.000000,0.000000
1.937500,12.000000,0.000000,0.000000,0.000000,0.200000,0.000000,0.000000
1.950000,12.000000,0.000000,0.000000,0.000000,0.200000,0.000000,0.000000
1.962500,12.000000,0.000000,0.000000,0.000000,0.200000,0.000000,0.000000
1.975000,12.000000,0.000000,0.000000,0.000000,0.200000,0.000000,0.000000
1.987500,12.000000,0.000000,0.000000,0.000000,0.200000,0.000000,0.000000
2.000000,12.000000,0.000000,0.000000,0.000000,0.200000,0.000000,0.000000
2.012500,12.000000,0.000000,0.000000,0.000000,0.200000,0.000000,0.000000
2.025000,12.000000,0.000000,0.000000,0.000000,0.200000,0.000000,0.000000
2.037500,12.000000,0.000000,0.000000,0.000000,0.200000,0.000000,0.000000
2.050000,12.000000,0.000000,0.000000,0.000000,0.200000,0.000000,0.000000
2.062500,12.000000,0.000000,0.000000,0.000000,0.200000,0.000000,0.000000
2.075000,12.000000,0.000000,0.000000,0.000000,0.200000,0.000000,0.000000
2.087500,12.000000,0.000000,0.000000,0.000000,0.200000,0.000000,0.000000
2.100000,12.000000,0.000000,0.000000,0.000000,0.200000,0.000000,0.000000
2.112500,12.000000,0.000000,0.000000,0.000000,0.200000,0.000000,0.000000
2.125000,12.000000,0.000000,0.000000,0.000000,0.200000,0.000000,0.000000
2.137500,12.000000,0.000000,0.000000,0.000000,0.200000,0.000000,0.000000
2.150000,12.000000,0.000000,0.000000,0.000000,0.200000,0.000000,0.000000
2.162500,12.000000,0.000000,0.000000,0.000000,0.200000,0.000000,0.000000
2.175000,12.000000,0.000000,0.000000,0.000000,0.200000,0.000000,0.000000
2.187500,12.000000,0.000000,0.000000,0.000000,0.200000,0.000000,0.000000
2.200000,12.000000,0.000000,0.000000,0.000000,0.200000,0.000000,0.000000
2.212500,12.000000,0.000000,0.000000,0.000000,0.200000,0.000000,0.000000
2.225000,12.000000,0.000000,0.000000,0.000000,0.200000,0.000000,0.000000
2.237500,12.000000,0.000000,0.000000,0.000000,0.200000,0.000000,0.000000
2.250000,12.000000,0.000000,0.000000,0.000000,0.200000,0.000000,0.000000
2.262500,12.000000,0.000000,0.000000,0.000000,0.200000,0.000000,0.000000
2.275000,12.000000,0.000000,0.000000,0.000000,0.200000,0.000000,0.000000
2.287500,12.000000,0.000000,0.000000,0.000000,0.200000,0.000000,0.000000
2.300000,12.000000,0.000000,0.000000,0.000000,0.200000,0.000000,0.000000
2.312500,12.000000,0.000000,0.000000,0.000000,0.200000,0.000000,0.000000
2.325000,12.000000,0.000000,0.000000,0.000000,0.200000,0.000000,0.000000
2.337500,12.000000,0.000000,0.000000,0.000000,0.200000,0.000000,0.000000
2.350000,12.000000,0.000000,0.000000,0.000000,0.200000,0.000000,0.000000
2.362500,12.000000,0.000000,0.000000,0.000000,0.200000,0.000000,0.000000
2.375000,12.000000,0.000000,0.000000,0.000000,0.200000,0.000000,0.000000
2.387500,12.000000,0.000000,0.000000,0.000000,0.200000,0.000000,0.000000
2.400000,12.000000,0.000000,0.000000,0.000000,0.200000,0.000000,0.000000
2.412500,12.000000,0.000000,0.000000,0.000000,0.200000,0.000000,0.000000
2.425000,12.000000,0.000000,0.000000,0.000000,0.200000,0.000000,0.000000
2.437500,12.000000,0.000000,0.000000,0.000000,0.200000,0.000000,0.000000
2.450000,12.000000,0.000000,0.000000,0.000000,0.200000,0.000000,0.000000
2.462500,12.000000,0.000000,0.000000,0.000000,0.200000,0.000000,0.000000
2.475000,12.000000,0.000000,0.000000,0.000000,0.200000,0.000000,0.000000
2.487500,12.000000,0.000000,0.000000,0.000000,0.200000,0.000000,0.000000
2.500000,12.000000,0.000000,0.000000,0.000000,0.200000,0.000000,0.000000
2.512500,12.000000,0.000000,0.000000,0.000000,0.200000,0.000000,0.000000
2.525000,12.000000,0.000000,0.000000,0.000000,0.200000,0.000000,0.000000
2.537500,12.000000,0.000000,0.000000,0.000000,0.200000,0.000000,0.000000
2.550000,12.000000,0.000000,0.000000,0.000000,0.200000,0.000000,0.000000
2.562500,12.000000,0.000000,0.000000,0.000000,0.200000,0.000000,0.000000
2.575000,12.000000,0.000000,0.000000,0.000000,0.200000,0.000000,0.000000
2.587500,12.000000,0.000000,0.000000,0.000000,0.200000,0.000000,0.000000
2.600000,12.000000,0.000000,0.000000,0.000000,0.200000,0.000000,0.000000
2.612500,12.000000,0.000000,0.000000,0.000000,0.200000,0.000000,0.000000
2.625000,12.000000,0.000000,0.000000,0.000000,0.200000,0.000000,0.000000
2.637500,12.000000,0.000000,0.000000,0.000000,0.200000,0.000000,0.000000
2.650000,12.000000,0.000000,0.000000,0.000000,0.200000,0.000000,0.000000
2.662500,12.000000,0.000000,0.000000,0.000000,0.200000,0.000000,0.000000
2.675000,12.000000,0.000000,0.000000,0.000000,0.200000,0.000000,0.000000
2.687500,12.000000,0.000000,0.000000,0.000000,0.200000,0.000000,0.000000
2.700000,12.000000,0.000000,0.000000,0.000000,0.200000,0.000000,0.000000
2.712500,12.000000,0.000000,0.000000,0.000000,0.200000,0.000000,0.000000
2.725000,12.000000,0.000000,0.000000,0.000000,0.200000,0.000000,0.000000
2.737500,12.000000,0.000000,0.000000,0.000000,0.200000,0.000000,0.000000
2.750000,12.000000,0.000000,0.000000,0.000000,0.200000,0.000000,0.000000
2.762500,12.000000,0.000000,0.000000,0.000000,0.200000,0.000000,0.000000
2.775000,12.000000,0.000000,0.000000,0.000000,0.200000,0.000000,0.000000
2.787500,12.000000,0.000000,0.000000,0.000000,0.200000,0.000000,0.000000
2.800000,12.000000,0.000000,0.000000,0.000000,0.200000,0.000000,0.000000
2.812500,12.000000,0.000000,0.000000,0.000000,0.200000,0.000000,0.000000
2.825000,12.000000,0.000000,0.000000,0.000000,0.200000,0.000000,0.000000
2.837500,12.000000,0.000000,0.000000,0.000000,0.200000,0.000000,0.000000
2.850000,12.000000,0.000000,0.000000,0.000000,0.200000,0.000000,0.000000
2.862500,12.000000,0.000000,0.000000,0.000000,0.200000,0.000000,0.000000
2.875000,12.000000,0.000000,0.000000,0.000000,0.200000,0.000000,0.000000
2.887500,12.000000,0.000000,0.000000,0.000000,0.200000,0.000000,0.000000
2.900000,12.000000,0.000000,0.000000,0.000000,0.200000,0.000000,0.000000
2.912500,12.000000,0.000000,0.000000,0.000000,0.200000,0.000000,0.000000
2.925000,12.000000,0.000000,0.000000,0.000000,0.200000,0.000000,0.000000
2.937500,12.000000,0.000000,0.000000,0.000000,0.200000,0.000000,0.000000
2.950000,12.000000,0.000000,0.000000,0.000000,0.200000,0.000000,0.000000
2.962500,12.000000,0.000000,0.000000,0.000000,0.200000,0.000000,0.000000
2.975000,12.000000,0.000000,0.000000,0.000000,0.200000,0.000000,0.000000
2.987500,12.000000,0.000000,0.000000,0.000000,0.200000,0.000000,0.000000
3.000000,12.000000,0.000000,0.000000,0.000000,0.200000,0.000000,0.000000
3.012500,12.000000,0.000000,0.000000,0.000000,0.200000,0.000000,0.000000
3.025000,12.000000,0.000000,0.000000,0.000000,0.200000,0.000000,0.000000
3.037500,12.000000,0.000000,0.000000,0.000000,0.200000,0.000000,0.000000
3.050000,12.000000,0.000000,0.000000,0.000000,0.200000,0.000000,0.000000
3.062500,12.000000,0.000000,0.000000,0.000000,0.200000,0.000000,0.000000
3.075000,12.000000,0.000000,0.000000,0.000000,0.200000,0.000000,0.000000
3.087500,12.000000,0.000000,0.000000,0.000000,0.200000,0.000000,0.000000
3.100000,12.000000,0.000000,0.000000,0.000000,0.200000,0.000000,0.000000
3.112500,12.000000,0.000000,0.000000,0.000000,0.200000,0.000000,0.000000
3.125000,12.000000,0.000000,0.000000,0.000000,0.200000,0.000000,0.000000
3.137500,12.000000,0.000000,0.000000,0.000000,0.200000,0.000000,0.000000
3.150000,12.000000,0.000000,0.000000,0.000000,0.200000,0.000000,0.000000
3.162500,12.000000,0.000000,0.000000,0.000000,0.200000,0.000000,0.000000
3.175000,12.000000,0.000000,0.000000,0.000000,0.200000,0.000000,0.000000
3.187500,12.000000,0.000000,0.000000,0.000000,0.200000,0.000000,0.000000
3.200000,12.000000,0.000000,0.000000,0.000000,0.200000,0.000000,0.000000
3.212500,12.000000,0.000000,0.000000,0.000000,0.200000,0.000000,0.000000
3.225000,12.000000,0.000000,0.000000,0.000000,0.200000,0.000000,0.000000
3.237500,12.000000,0.000000,0.000000,0.000000,0.200000,0.000000,0.000000
3.250000,12.000000,0.000000,0.000000,0.000000,0.200000,0.000000,0.000000
3.262500,12.000000,0.000000,0.000000,0.000000,0.200000,0.000000,0.000000
3.275000,12.000000,0.000000,0.000000,0.000000,0.200000,0.000000,0.000000
3.287500,12.000000,0.000000,0.000000,0.000000,0.200000,0.000000,0.000000
3.300000,12.000000,0.000000,0.000000,0.000000,0.200000,0.000000,0.000000
3.312500,12.000000,0.000000,0.000000,0.000000,0.200000,0.000000,0.000000
3.325000,12.000000,0.000000,0.000000,0.000000,0.200000,0.000000,0.000000
3.337500,12.000000,0.000000,0.000000,0.000000,0.200000,0.000000,0.000000
3.350000,12.000000,0.000000,0.000000,0.000000,0.200000,0.000000,0.000000
3.362500,12.000000,0.000000,0.000000,0.000000,0.200000,0.000000,0.000000
3.375000,12.000000,0.000000,0.000000,0.000000,0.200000,0.000000,0.000000
3.387500,12.000000,0.000000,0.000000,0.000000,0.200000,0.000000,0.000000
3.400000,12.000000,0.000000,0.000000,0.000000,0.200000,0.000000,0.000000
3.412500,12.000000,0.000000,0.000000,0.000000,0.200000,0.000000,0.000000
3.425000,12.000000,0.000000,0.000000,0.000000,0.200000,0.000000,0.000000
3.437500,12.000000,0.000000,0.000000,0.000000,0.200000,0.000000,0.000000
3.450000,12.000000,0.000000,0.000000,0.000000,0.200000,0.000000,0.000000
3.462500,12.000000,0.000000,0.000000,0.000000,0.200000,0.000000,0.000000
3.475000,12.000000,0.000000,0.000000,0.000000,0.200000,0.000000,0.000000
3.487500,12.000000,0.000000,0.000000,0.000000,0.200000,0.000000,0.000000
3.500000,12.000000,0.000000,0.000000,0.000000,0.200000,0.000000,0.000000
3.512500,12.000000,0.000000,0.000000,0.000000,0.200000,0.000000,0.000000
3.525000,12.000000,0.000000,0.000000,0.000000,0.200000,0.000000,0.000000
3.537500,12.000000,0.000000,0.000000,0.000000,0.200000,0.000000,0.000000
3.550000,12.000000,0.000000,0.000000,0.000000,0.200000,0.000000,0.000000
3.562500,12.000000,0.000000,0.000000,0.000000,0.200000,0.000000,0.000000
3.575000,12.000000,0.000000,0.000000,0.000000,0.200000,0.000000,0.000000
3.587500,12.000000,0.000000,0.000000,0.000000,0.200000,0.000000,0.000000
3.600000,12.000000,0.000000,0.000000,0.000000,0.200000,0.000000,0.000000
3.612500,12.000000,0.000000,0.000000,0.000000,0.200000,0.000000,0.000000
3.625000,12.000000,0.000000,0.000000,0.000000,0.200000,0.000000,0.000000
3.637500,12.000000,0.000000,0.000000,0.000000,0.200000,0.000000,0.000000
3.650000,12.000000,0.000000,0.000000,0.000000,0.200000,0.000000,0.000000
3.662500,12.000000,0.000000,0.000000,0.000000,0.200000,0.000000,0.000000
3.675000,12.000000,0.000000,0.000000,0.000000,0.200000,0.000000,0.000000
3.687500,12.000000,0.000000,0.000000,0.000000,0.200000,0.000000,0.000000
3.700000,12.000000,0.000000,0.000000,0.000000,0.200000,0.000000,0.000000
3.712500,12.000000,0.000000,0.000000,0.000000,0.200000,0.000000,0.000000
3.725000,12.000000,0.000000,0.000000,0.000000,0.200000,0.000000,0.000000
3.737500,12.000000,0.000000,0.000000,0.000000,0.200000,0.000000,0.000000
3.750000,12.000000,0.000000,0.000000,0.000000,0.200000,0.000000,0.000000
3.762500,12.000000,0.000000,0.000000,0.000000,0.200000,0.000000,0.000000
3.775000,12.000000,0.000000,0.000000,0.000000,0.200000,0.000000,0.000000
3.787500,12.000000,0.000000,0.000000,0.000000,0.200000,0.000000,0.000000
3.800000,12.000000,0.000000,0.000000,0.000000,0.200000,0.000000,0.000000
3.812500,12.000000,0.000000,0.000000,0.000000,0.200000,0.000000,0.000000
3.825000,12.000000,0.000000,0.000000,0.000000,0.200000,0.000000,0.000000
3.837500,12.000000,0.000000,0.000000,0.000000,0.200000,0.000000,0.000000
3.850000,12.000000,0.000000,0.000000,0.000000,0.200000,0.000000,0.000000
3.862500,12.000000,0.000000,0.000000,0.000000,0.200000,0.000000,0.000000
3.875000,12.000000,0.000000,0.000000,0.000000,0.200000,0.000000,0.000000
3.887500,12.000000,0.000000,0.000000,0.000000,0.200000,0.000000,0.000000
3.900000,12.000000,0.000000,0.000000,0.000000,0.200000,0.000000,0.000000
3.912500,12.000000,0.000000,0.000000,0.000000,0.200000,0.000000,0.000000
3.925000,12.000000,0.000000,0.000000,0.000000,0.200000,0.000000,0.000000
3.937500,12.000000,0.000000,0.000000,0.000000,0.200000,0.000000,0.000000
3.950000,12.000000,0.000000,0.000000,0.000000,0.200000,0.000000,0.000000
3.962500,12.000000,0.000000,0.000000,0.000000,0.200000,0.000000,0.000000
3.975000,12.000000,0.000000,0.000000,0.000000,0.200000,0.000000,0.000000
3.987500,12.000000,0.000000,0.000000,0.000000,0.200000,0.000000,0.000000
4.000000,12.000000,0.000000,0.000000,0.000000,0.200000,0.000000,0.000000
4.012500,12.000000,0.000000,0.000000,0.000000,0.200000,0.000000,0.000000
4.025000,12.000000,0.000000,0.000000,0.000000,0.200000,0.000000,0.000000
4.037500,12.000000,0.000000,0.000000,0.000000,0.200000,0.000000,0.000000
4.050000,12.000000,0.000000,0.000000,0.000000,0.200000,0.000000,0.000000
4.062500,12.000000,0.000000,0.000000,0.000000,0.200000,0.000000,0.000000
4.075000,12.000000,0.000000,0.000000,0.000000,0.200000,0.000000,0.000000
4.087500,12.000000,0.000000,0.000000,0.000000,0.200000,0.000000,0.000000
4.100000,12.000000,0.000000,0.000000,0.000000,0.200000,0.000000,0.000000
4.112500,12.000000,0.000000,0.000000,0.000000,0.200000,0.000000,0.000000
4.125000,12.000000,0.000000,0.000000,0.000000,0.200000,0.000000,0.000000
4.137500,12.000000,0.000000,0.000000,0.000000,0.200000,0.000000,0.000000
4.150000,12.000000,0.000000,0.000000,0.000000,0.200000,0.000000,0.000000
4.162500,12.000000,0.000000,0.000000,0.000000,0.200000,0.000000,0.000000
4.175000,12.000000,0.000000,0.000000,0.000000,0.200000,0.000000,0.000000
4.187500,12.000000,0.000000,0.000000,0.000000,0.200000,0.000000,0.000000
4.200000,12.000000,0.000000,0.000000,0.000000,0.200000,0.000000,0.000000
4.212500,12.000000,0.000000,0.000000,0.000000,0.200000,0.000000,0.000000
4.225000,12.000000,0.000000,0.000000,0.000000,0.200000,0.000000,0.000000
4.237500,12.000000,0.000000,0.000000,0.000000,0.200000,0.000000,0.000000
4.250000,12.000000,0.000000,0.000000,0.000000,0.200000,0.000000,0.000000
4.262500,12.000000,0.000000,0.000000,0.000000,0.200000,0.000000,0.000000
4.275000,12.000000,0.000000,0.000000,0.000000,0.200000,0.000000,0.000000
4.287500,12.000000,0.000000,0.000000,0.000000,0.200000,0.000000,0.000000
4.300000,12.000000,0.000000,0.000000,0.000000,0.200000,0.000000,0.000000
4.312500,12.000000,0.000000,0.000000,0.000000,0.200000,0.000000,0.000000
4.325000,12.000000,0.000000,0.000000,0.000000,0.200000,0.000000,0.000000
4.337500,12.000000,0.000000,0.000000,0.000000,0.200000,0.000000,0.000000
4.350000,12.000000,0.000000,0.000000,0.000000,0.200000,0.000000,0.000000
4.362500,12.000000,0.000000,0.000000,0.000000,0.200000,0.000000,0.000000
4.375000,12.000000,0.000000,0.000000,0.000000,0.200000,0.000000,0.000000
4.387500,12.000000,0.000000,0.000000,0.000000,0.200000,0.000000,0.000000
4.400000,12.000000,0.000000,0.000000,0.000000,0.200000,0.000000,0.000000
4.412500,12.000000,0.000000,0.000000,0.000000,0.200000,0.000000,0.000000
4.425000,12.000000,0.000000,0.000000,0.000000,0.200000,0.000000,0.000000
4.437500,12.000000,0.000000,0.000000,0.000000,0.200000,0.000000,0.000000
4.450000,12.000000,0.000000,0.000000,0.000000,0.200000,0.000000,0.000000
4.462500,12.000000,0.000000,0.000000,0.000000,0.200000,0.000000,0.000000
4.475000,12.000000,0.000000,0.000000,0.000000,0.200000,0.000000,0.000000
4.487500,12.000000,0.000000,0.000000,0.000000,0.200000,0.000000,0.000000
4.500000,12.000000,0.000000,0.000000,0.000000,0.200000,0.000000,0.000000
4.512500,12.000000,0.000000,0.000000,0.000000,0.200000,0.000000,0.000000
4.525000,12.000000,0.000000,0.000000,0.000000,0.200000,0.000000,0.000000
4.537500,12.000000,0.000000,0.000000,0.000000,0.200000,0.000000,0.000000
4.550000,12.000000,0.000000,0.000000,0.000000,0.200000,0.000000,0.000000
4.562500,12.000000,0.000000,0.000000,0.000000,0.200000,0.000000,0.000000
4.575000,12.000000,0.000000,0.000000,0.000000,0.200000,0.000000,0.000000
4.587500,12.000000,0.000000,0.000000,0.000000,0.200000,0.000000,0.000000
4.600000,12.000000,0.000000,0.000000,0.000000,0.200000,0.000000,0.000000
4.612500,12.000000,0.000000,0.000000,0.000000,0.200000,0.000000,0.000000
4.625000,12.000000,0.000000,0.000000,0.000000,0.200000,0.000000,0.000000
4.637500,12.000000,0.000000,0.000000,0.000000,0.200000,0.000000,0.000000
4.650000,12.000000,0.000000,0.000000,0.000000,0.200000,0.000000,0.000000
4.662500,12.000000,0.000000,0.000000,0.000000,0.200000,0.000000,0.000000
4.675000,12.000000,0.000000,0.000000,0.000000,0.200000,0.000000,0.000000
4.687500,12.000000,0.000000,0.000000,0.000000,0.200000,0.000000,0.000000
4.700000,12.000000,0.000000,0.000000,0.000000,0.200000,0.000000,0.000000
4.712500,12.000000,0.000000,0.000000,0.000000,0.200000,0.000000,0.000000
4.725000,12.000000,0.000000,0.000000,0.000000,0.200000,0.000000,0.000000
4.737500,12.000000,0.000000,0.000000,0.000000,0.200000,0.000000,0.000000
4.750000,12.000000,0.000000,0.000000,0.000000,0.200000,0.000000,0.000000
4.762500,12.000000,0.000000,0.000000,0.000000,0.200000,0.000000,0.000000
4.775000,12.000000,0.000000,0.000000,0.000000,0.200000,0.000000,0.000000
4.787500,12.000000,0.000000,0.000000,0.000000,0.200000,0.000000,0.000000
4.800000,12.000000,0.000000,0.000000,0.000000,0.200000,0.000000,0.000000
4.812500,12.000000,0.000000,0.000000,0.000000,0.200000,0.000000,0.000000
4.825000,12.000000,0.000000,0.000000,0.000000,0.200000,0.000000,0.000000
4.837500,12.000000,0.000000,0.000000,0.000000,0.200000,0.000000,0.000000
4.850000,12.000000,0.000000,0.000000,0.000000,0.200000,0.000000,0.000000
4.862500,12.000000,0.000000,0.000000,0.000000,0.200000,0.000000,0.000000
4.875000,12.000000,0.000000,0.000000,0.000000,0.200000,0.000000,0.000000
4.887500,12.000000,0.000000,0.000000,0.000000,0.200000,0.000000,0.000000
4.900000,12.000000,0.000000,0.000000,0.000000,0.200000,0.000000,0.000000
4.912500,12.000000,0.000000,0.000000,0.000000,0.200000,0.000000,0.000000
4.925000,12.000000,0.000000,0.000000,0.000000,0.200000,0.000000,0.000000
4.937500,12.000000,0.000000,0.000000,0.000000,0.200000,0.000000,0.000000
4.950000,12.000000,0.000000,0.000000,0.000000,0.200000,0.000000,0.000000
4.962500,12.000000,0.000000,0.000000,0.000000,0.200000,0.000000,0.000000
4.975000,12.000000,0.000000,0.000000,0.000000,0.200000,0.000000,0.000000
4.987500,12.000000,0.000000,0.000000,0.000000,0.200000,0.000000,0.000000
5.000000,12.000000,0.000000,0.000000,0.000000,0.200000,0.000000,0.000000
5.012500,12.000000,0.000000,0.000000,0.000000,0.200000,0.000000,0.000000
5.025000,12.000000,0.000000,0.000000,0.000000,0.200000,0.000000,0.000000
5.037500,12.000000,0.000000,0.000000,0.000000,0.200000,0.000000,0.000000
5.050000,12.000000,0.000000,0.000000,0.000000,0.200000,0.000000,0.000000
5.062500,12.000000,0.000000,0.000000,0.000000,0.200000,0.000000,0.000000
5.075000,12.000000,0.000000,0.000000,0.000000,0.200000,0.000000,0.000000
5.087500,12.000000,0.000000,0.000000,0.000000,0.200000,0.000000,0.000000
5.100000,12.000000,0.000000,0.000000,0.000000,0.200000,0.000000,0.000000
5.112500,12.000000,0.000000,0.000000,0.000000,0.200000,0.000000,0.000000
5.125000,12.000000,0.000000,0.000000,0.000000,0.200000,0.000000,0.000000
5.137500,12.000000,0.000000,0.000000,0.000000,0.200000,0.000000,0.000000
5.150000,12.000000,0.000000,0.000000,0.000000,0.200000,0.000000,0.000000
5.162500,12.000000,0.000000,0.000000,0.000000,0.200000,0.000000,0.000000
5.175000,12.000000,0.000000,0.000000,0.000000,0.200000,0.000000,0.000000
5.187500,12.000000,0.000000,0.000000,0.000000,0.200000,0.000000,0.000000
5.200000,12.000000,0.000000,0.000000,0.000000,0.200000,0.000000,0.000000
5.212500,12.000000,0.000000,0.000000,0.000000,0.200000,0.000000,0.000000
5.225000,12.000000,0.000000,0.000000,0.000000,0.200000,0.000000,0.000000
5.237500,12.000000,0.000000,0.000000,0.000000,0.200000,0.000000,0.000000
5.250000,12.000000,0.000000,0.000000,0.000000,0.200000,0.000000,0.000000
5.262500,12.000000,0.000000,0.000000,0.000000,0.200000,0.000000,0.000000
5.275000,12.000000,0.000000,0.000000,0.000000,0.200000,0.000000,0.000000
5.287500,12.000000,0.000000,0.000000,0.000000,0.200000,0.000000,0.000000
5.300000,12.000000,0.000000,0.000000,0.000000,0.200000,0.000000,0.000000
5.312500,12.000000,0.000000,0.000000,0.000000,0.200000,0.000000,0.000000
5.325000,12.000000,0.000000,0.000000,0.000000,0.200000,0.000000,0.000000
5.337500,12.000000,0.000000,0.000000,0.000000,0.200000,0.000000,0.000000
5.350000,12.000000,0.000000,0.000000,0.000000,0.200000,0.000000,0.000000
5.362500,12.000000,0.000000,0.000000,0.000000,0.200000,0.000000,0.000000
5.375000,12.000000,0.000000,0.000000,0.000000,0.200000,0.000000,0.000000
5.387500,12.000000,0.000000,0.000000,0.000000,0.200000,0.000000,0.000000
5.400000,12.000000,0.000000,0.000000,0.000000,0.200000,0.000000,0.000000
5.412500,12.000000,0.000000,0.000000,0.000000,0.200000,0.000000,0.000000
5.425000,12.000000,0.000000,0.000000,0.000000,0.200000,0.000000,0.000000
5.437500,12.000000,0.000000,0.000000,0.000000,0.200000,0.000000,0.000000
5.450000,12.000000,0.000000,0.000000,0.000000,0.200000,0.000000,0.000000
5.462500,12.000000,0.000000,0.000000,0.000000,0.200000,0.000000,0.000000
5.475000,12.000000,0.000000,0.000000,0.000000,0.200000,0.000000,0.000000
5.487500,12.000000,0.000000,0.000000,0.000000,0.200000,0.000000,0.000000
5.500000,12.000000,0.000000,0.000000,0.000000,0.200000,0.000000,0.000000
5.512500,12.000000,0.000000,0.000000,0.000000,0.200000,0.000000,0.000000
5.525000,12.000000,0.000000,0.000000,0.000000,0.200000,0.000000,0.000000
5.537500,12.000000,0.000000,0.000000,0.000000,0.200000,0.000000,0.000000
5.550000,12.000000,0.000000,0.000000,0.000000,0.200000,0.000000,0.000000
5.562500,12.000000,0.000000,0.000000,0.000000,0.200000,0.000000,0.000000
5.575000,12.000000,0.000000,0.000000,0.000000,0.200000,0.000000,0.000000
5.587500,12.000000,0.000000,0.000000,0.000000,0.200000,0.000000,0.000000
5.600000,12.000000,0.000000,0.000000,0.000000,0.200000,0.000000,0.000000
5.612500,12.000000,0.000000,0.000000,0.000000,0.200000,0.000000,0.000000
5.625000,12.000000,0.000000,0.000000,0.000000,0.200000,0.000000,0.000000
5.637500,12.000000,0.000000,0.000000,0.000000,0.200000,0.000000,0.000000
5.650000,12.000000,0.000000,0.000000,0.000000,0.200000,0.000000,0.000000
5.662500,12.000000,0.000000,0.000000,0.000000,0.200000,0.000000,0.000000
5.675000,12.000000,0.000000,0.000000,0.000000,0.200000,0.000000,0.000000
5.687500,12.000000,0.000000,0.000000,0.000000,0.200000,0.000000,0.000000
5.700000,12.000000,0.000000,0.000000,0.000000,0.200000,0.000000,0.000000
5.712500,12.000000,0.000000,0.000000,0.000000,0.200000,0.000000,0.000000
5.725000,12.000000,0.000000,0.000000,0.000000,0.200000,0.000000,0.000000
5.737500,12.000000,0.000000,0.000000,0.000000,0.200000,0.000000,0.000000
5.750000,12.000000,0.000000,0.000000,0.000000,0.200000,0.000000,0.000000
5.762500,12.000000,0.000000,0.000000,0.000000,0.200000,0.000000,0.000000
5.775000,12.000000,0.000000,0.000000,0.000000,0.200000,0.000000,0.000000
5.787500,12.000000,0.000000,0.000000,0.000000,0.200000,0.000000,0.000000
5.800000,12.000000,0.000000,0.000000,0.000000,0.200000,0.000000,0.000000
5.812500,12.000000,0.000000,0.000000,0.000000,0.200000,0.000000,0.000000
5.825000,12.000000,0.000000,0.000000,0.000000,0.200000,0.000000,0.000000
5.837500,12.000000,0.000000,0.000000,0.000000,0.200000,0.000000,0.000000
5.850000,12.000000,0.000000,0.000000,0.000000,0.200000,0.000000,0.000000
5.862500,12.000000,0.000000,0.000000,0.000000,0.200000,0.000000,0.000000
5.875000,12.000000,0.000000,0.000000,0.000000,0.200000,0.000000,0.000000
5.887500,12.000000,0.000000,0.000000,0.000000,0.200000,0.000000,0.000000
5.900000,12.000000,0.000000,0.000000,0.000000,0.200000,0.000000,0.000000
5.912500,12.000000,0.000000,0.000000,0.000000,0.200000,0.000000,0.000000
5.925000,12.000000,0.000000,0.000000,0.000000,0.200000,0.000000,0.000000
5.937500,12.000000,0.000000,0.000000,0.000000,0.200000,0.000000,0.000000
5.950000,12.000000,0.000000,0.000000,0.000000,0.200000,0.000000,0.000000
5.962500,12.000000,0.000000,0.000000,0.000000,0.200000,0.000000,0.000000
5.975000,12.000000,0.000000,0.000000,0.000000,0.200000,0.000000,0.000000
5.987500,12.000000,0.000000,0.000000,0.000000,0.200000,0.000000,0.000000
6.000000,12.000000,0.000000,0.000000,0.000000,0.200000,0.000000,0.000000
6.012500,12.000000,0.000000,0.000000,0.000000,0.200000,0.000000,0.000000
6.025000,12.000000,0.000000,0.000000,0.000000,0.200000,0.000000,0.000000
6.037500,12.000000,0.000000,0.000000,0.000000,0.200000,0.000000,0.000000
6.050000,12.000000,0.000000,0.000000,0.000000,0.200000,0.000000,0.000000
6.062500,12.000000,0.000000,0.000000,0.000000,0.200000,0.000000,0.000000
6.075000,12.000000,0.000000,0.000000,0.000000,0.200000,0.000000,0.000000
6.087500,12.000000,0.000000,0.000000,0.000000,0.200000,0.000000,0.000000
6.100000,12.000000,0.000000,0.000000,0.000000,0.200000,0.000000,0.000000
6.112500,12.000000,0.000000,0.000000,0.000000,0.200000,0.000000,0.000000
6.125000,12.000000,0.000000,0.000000,0.000000,0.200000,0.000000,0.000000
6.137500,12.000000,0.000000,0.000000,0.000000,0.200000,0.000000,0.000000
6.150000,12.000000,0.000000,0.000000,0.000000,0.200000,0.000000,0.000000
6.162500,12.000000,0.000000,0.000000,0.000000,0.200000,0.000000,0.000000
6.175000,12.000000,0.000000,0.000000,0.000000,0.200000,0.000000,0.000000
6.187500,12.000000,0.000000,0.000000,0.000000,0.200000,0.000000,0.000000
6.200000,12.000000,0.000000,0.000000,0.000000,0.200000,0.000000,0.000000
6.212500,12.000000,0.000000,0.000000,0.000000,0.200000,0.000000,0.000000
6.225000,12.000000,0.000000,0.000000,0.000000,0.200000,0.000000,0.000000
6.237500,12.000000,0.000000,0.000000,0.000000,0.200000,0.000000,0.000000
6.250000,12.000000,0.000000,0.000000,0.000000,0.200000,0.000000,0.000000
6.262500,12.000000,0.000000,0.000000,0.000000,0.200000,0.000000,0.000000
6.275000,12.000000,0.000000,0.000000,0.000000,0.200000,0.000000,0.000000
6.287500,12.000000,0.000000,0.000000,0.000000,0.200000,0.000000,0.000000
6.300000,12.000000,0.000000,0.000000,0.000000,0.200000,0.000000,0.000000
6.312500,12.000000,0.000000,0.000000,0.000000,0.200000,0.000000,0.000000
6.325000,12.000000,0.000000,0.000000,0.000000,0.200000,0.000000,0.000000
6.337500,12.000000,0.000000,0.000000,0.000000,0.200000,0.000000,0.000000
6.350000,12.000000,0.000000,0.000000,0.000000,0.200000,0.000000,0.000000
6.362500,12.000000,0.000000,0.000000,0.000000,0.200000,0.000000,0.000000
6.375000,12.000000,0.000000,0.000000,0.000000,0.200000,0.000000,0.000000
6.387500,12.000000,0.000000,0.000000,0.000000,0.200000,0.000000,0.000000
6.400000,12.000000,0.000000,0.000000,0.000000,0.200000,0.000000,0.000000
6.412500,12.000000,0.000000,0.000000,0.000000,0.200000,0.000000,0.000000
6.425000,12.000000,0.000000,0.000000,0.000000,0.200000,0.000000,0.000000
6.437500,12.000000,0.000000,0.000000,0.000000,0.200000,0.000000,0.000000
6.450000,12.000000,0.000000,0.000000,0.000000,0.200000,0.000000,0.000000
6.462500,12.000000,0.000000,0.000000,0.000000,0.200000,0.000000,0.000000
6.475000,12.000000,0.000000,0.000000,0.000000,0.200000,0.000000,0.000000
6.487500,12.000000,0.000000,0.000000,0.000000,0.200000,0.000000,0.000000
6.500000,12.000000,0.000000,0.000000,0.000000,0.200000,0.000000,0.000000
6.512500,12.000000,0.000000,0.000000,0.000000,0.200000,0.000000,0.000000
6.525000,12.000000,0.000000,0.000000,0.000000,0.200000,0.000000,0.000000
6.537500,12.000000,0.000000,0.000000,0.000000,0.200000,0.000000,0.000000
6.550000,12.000000,0.000000,0.000000,0.000000,0.200000,0.000000,0.000000
6.562500,12.000000,0.000000,0.000000,0.000000,0.200000,0.000000,0.000000
6.575000,12.000000,0.000000,0.000000,0.000000,0.200000,0.000000,0.000000
6.587500,12.000000,0.000000,0.000000,0.000000,0.200000,0.000000,0.000000
6.600000,12.000000,0.000000,0.000000,0.000000,0.200000,0.000000,0.000000
6.612500,12.000000,0.000000,0.000000,0.000000,0.200000,0.000000,0.000000
6.625000,12.000000,0.000000,0.000000,0.000000,0.200000,0.000000,0.000000
6.637500,12.000000,0.000000,0.000000,0.000000,0.200000,0.000000,0.000000
6.650000,12.000000,0.000000,0.000000,0.000000,0.200000,0.000000,0.000000
6.662500,12.000000,0.000000,0.000000,0.000000,0.200000,0.000000,0.000000
6.675000,12.000000,0.000000,0.000000,0.000000,0.200000,0.000000,0.000000
6.687500,12.000000,0.000000,0.000000,0.000000,0.200000,0.000000,0.000000
6.700000,12.000000,0.000000,0.000000,0.000000,0.200000,0.000000,0.000000
6.712500,12.000000,0.000000,0.000000,0.000000,0.200000,0.000000,0.000000
6.725000,12.000000,0.000000,0.000000,0.000000,0.200000,0.000000,0.000000
6.737500,12.000000,0.000000,0.000000,0.000000,0.200000,0.000000,0.000000
6.750000,12.000000,0.000000,0.000000,0.000000,0.200000,0.000000,0.000000
6.762500,12.000000,0.000000,0.000000,0.000000,0.200000,0.000000,0.000000
6.775000,12.000000,0.000000,0.000000,0.000000,0.200000,0.000000,0.000000
6.787500,12.000000,0.000000,0.000000,0.000000,0.200000,0.000000,0.000000
6.800000,12.000000,0.000000,0.000000,0.000000,0.200000,0.000000,0.000000
6.812500,12.000000,0.000000,0.000000,0.000000,0.200000,0.000000,0.000000
6.825000,12.000000,0.000000,0.000000,0.000000,0.200000,0.000000,0.000000
6.837500,12.000000,0.000000,0.000000,0.000000,0.200000,0.000000,0.000000
6.850000,12.000000,0.000000,0.000000,0.000000,0.200000,0.000000,0.000000
6.862500,12.000000,0.000000,0.000000,0.000000,0.200000,0.000000,0.000000
6.875000,12.000000,0.000000,0.000000,0.000000,0.200000,0.000000,0.000000
6.887500,12.000000,0.000000,0.000000,0.000000,0.200000,0.000000,0.000000
6.900000,12.000000,0.000000,0.000000,0.000000,0.200000,0.000000,0.000000
6.912500,12.000000,0.000000,0.000000,0.000000,0.200000,0.000000,0.000000
6.925000,12.000000,0.000000,0.000000,0.000000,0.200000,0.000000,0.000000
6.937500,12.000000,0.000000,0.000000,0.000000,0.200000,0.000000,0.000000
6.950000,12.000000,0.000000,0.000000,0.000000,0.200000,0.000000,0.000000
6.962500,12.000000,0.000000,0.000000,0.000000,0.200000,0.000000,0.000000
6.975000,12.000000,0.000000,0.000000,0.000000,0.200000,0.000000,0.000000
6.987500,12.000000,0.000000,0.000000,0.000000,0.200000,0.000000,0.000000
7.000000,12.000000,0.000000,0.000000,0.000000,0.200000,0.000000,0.000000
7.012500,12.000000,0.000000,0.000000,0.000000,0.200000,0.000000,0.000000
7.025000,12.000000,0.000000,0.000000,0.000000,0.200000,0.000000,0.000000
7.037500,12.000000,0.000000,0.000000,0.000000,0.200000,0.000000,0.000000
7.050000,12.000000,0.000000,0.000000,0.000000,0.200000,0.000000,0.000000
7.062500,12.000000,0.000000,0.000000,0.000000,0.200000,0.000000,0.000000
7.075000,12.000000,0.000000,0.000000,0.000000,0.200000,0.000000,0.000000
7.087500,12.000000,0.000000,0.000000,0.000000,0.200000,0.000000,0.000000
7.100000,12.000000,0.000000,0.000000,0.000000,0.200000,0.000000,0.000000
7.112500,12.000000,0.000000,0.000000,0.000000,0.200000,0.000000,0.000000
7.125000,12.000000,0.000000,0.000000,0.000000,0.200000,0.000000,0.000000
7.137500,12.000000,0.000000,0.000000,0.000000,0.200000,0.000000,0.000000
7.150000,12.000000,0.000000,0.000000,0.000000,0.200000,0.000000,0.000000
7.162500,12.000000,0.000000,0.000000,0.000000,0.200000,0.000000,0.000000
7.175000,12.000000,0.000000,0.000000,0.000000,0.200000,0.000000,0.000000
7.187500,12.000000,0.000000,0.000000,0.000000,0.200000,0.000000,0.000000
7.200000,12.000000,0.000000,0.000000,0.000000,0.200000,0.000000,0.000000
7.212500,12.000000,0.000000,0.000000,0.000000,0.200000,0.000000,0.000000
7.225000,12.000000,0.000000,0.000000,0.000000,0.200000,0.000000,0.000000
7.237500,12.000000,0.000000,0.000000,0.000000,0.200000,0.000000,0.000000
7.250000,12.000000,0.000000,0.000000,0.000000,0.200000,0.000000,0.000000
7.262500,12.000000,0.000000,0.000000,0.000000,0.200000,0.000000,0.000000
7.275000,12.000000,0.000000,0.000000,0.000000,0.200000,0.000000,0.000000
7.287500,12.000000,0.000000,0.000000,0.000000,0.200000,0.000000,0.000000
7.300000,12.000000,0.000000,0.000000,0.000000,0.200000,0.000000,0.000000
7.312500,12.000000,0.000000,0.000000,0.000000,0.200000,0.000000,0.000000
7.325000,12.000000,0.000000,0.000000,0.000000,0.200000,0.000000,0.000000
7.337500,12.000000,0.000000,0.000000,0.000000,0.200000,0.000000,0.000000
7.350000,12.000000,0.000000,0.000000,0.000000,0.200000,0.000000,0.000000
7.362500,12.000000,0.000000,0.000000,0.000000,0.200000,0.000000,0.000000
7.375000,12.000000,0.000000,0.000000,0.000000,0.200000,0.000000,0.000000
7.387500,12.000000,0.000000,0.000000,0.000000,0.200000,0.000000,0.000000
7.400000,12.000000,0.000000,0.000000,0.000000,0.200000,0.000000,0.000000
7.412500,12.000000,0.000000,0.000000,0.000000,0.200000,0.000000,0.000000
7.425000,12.000000,0.000000,0.000000,0.000000,0.200000,0.000000,0.000000
7.437500,12.000000,0.000000,0.000000,0.000000,0.200000,0.000000,0.000000
7.450000,12.000000,0.000000,0.000000,0.000000,0.200000,0.000000,0.000000
7.462500,12.000000,0.000000,0.000000,0.000000,0.200000,0.000000,0.000000
7.475000,12.000000,0.000000,0.000000,0.000000,0.200000,0.000000,0.000000
7.487500,12.000000,0.000000,0.000000,0.000000,0.200000,0.000000,0.000000
7.500000,12.000000,0.000000,0.000000,0.000000,0.200000,0.000000,0.000000
7.512500,12.000000,0.000000,0.000000,0.000000,0.200000,0.000000,0.000000
7.525000,12.000000,0.000000,0.000000,0.000000,0.200000,0.000000,0.000000
7.537500,12.000000,0.000000,0.000000,0.000000,0.200000,0.000000,0.000000
7.550000,12.000000,0.000000,0.000000,0.000000,0.200000,0.000000,0.000000
7.562500,12.000000,0.000000,0.000000,0.000000,0.200000,0.000000,0.000000
7.575000,12.000000,0.000000,0.000000,0.000000,0.200000,0.000000,0.000000
7.587500,12.000000,0.000000,0.000000,0.000000,0.200000,0.000000,0.000000
7.600000,12.000000,0.000000,0.000000,0.000000,0.200000,0.000000,0.000000
7.612500,12.000000,0.000000,0.000000,0.000000,0.200000,0.000000,0.000000
7.625000,12.000000,0.000000,0.000000,0.000000,0.200000,0.000000,0.000000
7.637500,12.000000,0.000000,0.000000,0.000000,0.200000,0.000000,0.000000
7.650000,12.000000,0.000000,0.000000,0.000000,0.200000,0.000000,0.000000
7.662500,12.000000,0.000000,0.000000,0.000000,0.200000,0.000000,0.000000
7.675000,12.000000,0.000000,0.000000,0.000000,0.200000,0.000000,0.000000
7.687500,12.000000,0.000000,0.000000,0.000000,0.200000,0.000000,0.000000
7.700000,12.000000,0.000000,0.000000,0.000000,0.200000,0.000000,0.000000
7.712500,12.000000,0.000000,0.000000,0.000000,0.200000,0.000000,0.000000
7.725000,12.000000,0.000000,0.000000,0.000000,0.200000,0.000000,0.000000
7.737500,12.000000,0.000000,0.000000,0.000000,0.200000,0.000000,0.000000
7.750000,12.000000,0.000000,0.000000,0.000000,0.200000,0.000000,0.000000
7.762500,12.000000,0.000000,0.000000,0.000000,0.200000,0.000000,0.000000
7.775000,12.000000,0.000000,0.000000,0.000000,0.200000,0.000000,0.000000
7.787500,12.000000,0.000000,0.000000,0.000000,0.200000,0.000000,0.000000
7.800000,12.000000,0.000000,0.000000,0.000000,0.200000,0.000000,0.000000
7.812500,12.000000,0.000000,0.000000,0.000000,0.200000,0.000000,0.000000
7.825000,12.000000,0.000000,0.000000,0.000000,0.200000,0.000000,0.000000
7.837500,12.000000,0.000000,0.000000,0.000000,0.200000,0.000000,0.000000
7.850000,12.000000,0.000000,0.000000,0.000000,0.200000,0.000000,0.000000
7.862500,12.000000,0.000000,0.000000,0.000000,0.200000,0.000000,0.000000
7.875000,12.000000,0.000000,0.000000,0.000000,0.200000,0.000000,0.000000
7.887500,12.000000,0.000000,0.000000,0.000000,0.200000,0.000000,0.000000
7.900000,12.000000,0.000000,0.000000,0.000000,0.200000,0.000000,0.000000
7.912500,12.000000,0.000000,0.000000,0.000000,0.200000,0.000000,0.000000
7.925000,12.000000,0.000000,0.000000,0.000000,0.200000,0.000000,0.000000
7.937500,12.000000,0.000000,0.000000,0.000000,0.200000,0.000000,0.000000
7.950000,12.000000,0.000000,0.000000,0.000000,0.200000,0.000000,0.000000
7.962500,12.000000,0.000000,0.000000,0.000000,0.200000,0.000000,0.000000
7.975000,12.000000,0.000000,0.000000,0.000000,0.200000,0.000000,0.000000
7.987500,12.000000,0.000000,0.000000,0.000000,0.200000,0.000000,0.000000
8.000000,12.000000,0.000000,0.000000,0.000000,0.200000,0.000000,0.000000
8.012500,12.000000,0.000000,0.000000,0.000000,0.200000,0.000000,0.000000
8.025000,12.000000,0.000000,0.000000,0.000000,0.200000,0.000000,0.000000
8.037500,12.000000,0.000000,0.000000,0.000000,0.200000,0.000000,0.000000
8.050000,12.000000,0.000000,0.000000,0.000000,0.200000,0.000000,0.000000
8.062500,12.000000,0.000000,0.000000,0.000000,0.200000,0.000000,0.000000
8.075000,12.000000,0.000000,0.000000,0.000000,0.200000,0.000000,0.000000
8.087500,12.000000,0.000000,0.000000,0.000000,0.200000,0.000000,0.000000
8.100000,12.000000,0.000000,0.000000,0.000000,0.200000,0.000000,0.000000
8.112500,12.000000,0.000000,0.000000,0.000000,0.200000,0.000000,0.000000
8.125000,12.000000,0.000000,0.000000,0.000000,0.200000,0.000000,0.000000
8.137500,12.000000,0.000000,0.000000,0.000000,0.200000,0.000000,0.000000
8.150000,12.000000,0.000000,0.000000,0.000000,0.200000,0.000000,0.000000
8.162500,12.000000,0.000000,0.000000,0.000000,0.200000,0.000000,0.000000
8.175000,12.000000,0.000000,0.000000,0.000000,0.200000,0.000000,0.000000
8.187500,12.000000,0.000000,0.000000,0.000000,0.200000,0.000000,0.000000
8.200000,12.000000,0.000000,0.000000,0.000000,0.200000,0.000000,0.000000
8.212500,12.000000,0.000000,0.000000,0.000000,0.200000,0.000000,0.000000
8.225000,12.000000,0.000000,0.000000,0.000000,0.200000,0.000000,0.000000
8.237500,12.000000,0.000000,0.000000,0.000000,0.200000,0.000000,0.000000
8.250000,12.000000,0.000000,0.000000,0.000000,0.200000,0.000000,0.000000
8.262500,12.000000,0.000000,0.000000,0.000000,0.200000,0.000000,0.000000
8.275000,12.000000,0.000000,0.000000,0.000000,0.200000,0.000000,0.000000
8.287500,12.000000,0.000000,0.000000,0.000000,0.200000,0.000000,0.000000
8.300000,12.000000,0.000000,0.000000,0.000000,0.200000,0.000000,0.000000
8.312500,12.000000,0.000000,0.000000,0.000000,0.200000,0.000000,0.000000
8.325000,12.000000,0.000000,0.000000,0.000000,0.200000,0.000000,0.000000
8.337500,12.000000,0.000000,0.000000,0.000000,0.200000,0.000000,0.000000
8.350000,12.000000,0.000000,0.000000,0.000000,0.200000,0.000000,0.000000
8.362500,12.000000,0.000000,0.000000,0.000000,0.200000,0.000000,0.000000
8.375000,12.000000,0.000000,0.000000,0.000000,0.200000,0.000000,0.000000
8.387500,12.000000,0.000000,0.000000,0.000000,0.200000,0.000000,0.000000
8.400000,12.000000,0.000000,0.000000,0.000000,0.200000,0.000000,0.000000
8.412500,12.000000,0.000000,0.000000,0.000000,0.200000,0.000000,0.000000
8.425000,12.000000,0.000000,0.000000,0.000000,0.200000,0.000000,0.000000
8.437500,12.000000,0.000000,0.000000,0.000000,0.200000,0.000000,0.000000
8.450000,12.000000,0.000000,0.000000,0.000000,0.200000,0.000000,0.000000
8.462500,12.000000,0.000000,0.000000,0.000000,0.200000,0.000000,0.000000
8.475000,12.000000,0.000000,0.000000,0.000000,0.200000,0.000000,0.000000
8.487500,12.000000,0.000000,0.000000,0.000000,0.200000,0.000000,0.000000
8.500000,12.000000,0.000000,0.000000,0.000000,0.200000,0.000000,0.000000
8.512500,12.000000,0.000000,0.000000,0.000000,0.200000,0.000000,0.000000
8.525000,12.000000,0.000000,0.000000,0.000000,0.200000,0.000000,0.000000
8.537500,12.000000,0.000000,0.000000,0.000000,0.200000,0.000000,0.000000
8.550000,12.000000,0.000000,0.000000,0.000000,0.200000,0.000000,0.000000
8.562500,12.000000,0.000000,0.000000,0.000000,0.200000,0.000000,0.000000
8.575000,12.000000,0.000000,0.000000,0.000000,0.200000,0.000000,0.000000
8.587500,12.000000,0.000000,0.000000,0.000000,0.200000,0.000000,0.000000
8.600000,12.000000,0.000000,0.000000,0.000000,0.200000,0.000000,0.000000
8.612500,12.000000,0.000000,0.000000,0.000000,0.200000,0.000000,0.000000
8.625000,12.000000,0.000000,0.000000,0.000000,0.200000,0.000000,0.000000
8.637500,12.000000,0.000000,0.000000,0.000000,0.200000,0.000000,0.000000
8.650000,12.000000,0.000000,0.000000,0.000000,0.200000,0.000000,0.000000
8.662500,12.000000,0.000000,0.000000,0.000000,0.200000,0.000000,0.000000
8.675000,12.000000,0.000000,0.000000,0.000000,0.200000,0.000000,0.000000
8.687500,12.000000,0.000000,0.000000,0.000000,0.200000,0.000000,0.000000
8.700000,12.000000,0.000000,0.000000,0.000000,0.200000,0.000000,0.000000
8.712500,12.000000,0.000000,0.000000,0.000000,0.200000,0.000000,0.000000
8.725000,12.000000,0.000000,0.000000,0.000000,0.200000,0.000000,0.000000
8.737500,12.000000,0.000000,0.000000,0.000000,0.200000,0.000000,0.000000
8.750000,12.000000,0.000000,0.000000,0.000000,0.200000,0.000000,0.000000
8.762500,12.000000,0.000000,0.000000,0.000000,0.200000,0.000000,0.000000
8.775000,12.000000,0.000000,0.000000,0.000000,0.200000,0.000000,0.000000
8.787500,12.000000,0.000000,0.000000,0.000000,0.200000,0.000000,0.000000
8.800000,12.000000,0.000000,0.000000,0.000000,0.200000,0.000000,0.000000
8.812500,12.000000,0.000000,0.000000,0.000000,0.200000,0.000000,0.000000
8.825000,12.000000,0.000000,0.000000,0.000000,0.200000,0.000000,0.000000
8.837500,12.000000,0.000000,0.000000,0.000000,0.200000,0.000000,0.000000
8.850000,12.000000,0.000000,0.000000,0.000000,0.200000,0.000000,0.000000
8.862500,12.000000,0.000000,0.000000,0.000000,0.200000,0.000000,0.000000
8.875000,12.000000,0.000000,0.000000,0.000000,0.200000,0.000000,0.000000
8.887500,12.000000,0.000000,0.000000,0.000000,0.200000,0.000000,0.000000
8.900000,12.000000,0.000000,0.000000,0.000000,0.200000,0.000000,0.000000
8.912500,12.000000,0.000000,0.000000,0.000000,0.200000,0.000000,0.000000
8.925000,12.000000,0.000000,0.000000,0.000000,0.200000,0.000000,0.000000
8.937500,12.000000,0.000000,0.000000,0.000000,0.200000,0.000000,0.000000
8.950000,12.000000,0.000000,0.000000,0.000000,0.200000,0.000000,0.000000
8.962500,12.000000,0.000000,0.000000,0.000000,0.200000,0.000000,0.000000
8.975000,12.000000,0.000000,0.000000,0.000000,0.200000,0.000000,0.000000
8.987500,12.000000,0.000000,0.000000,0.000000,0.200000,0.000000,0.000000
9.000000,12.000000,0.000000,0.000000,0.000000,0.200000,0.000000,0.000000
9.012500,12.000000,0.000000,0.000000,0.000000,0.200000,0.000000,0.000000
9.025000,12.000000,0.000000,0.000000,0.000000,0.200000,0.000000,0.000000
9.037500,12.000000,0.000000,0.000000,0.000000,0.200000,0.000000,0.000000
9.050000,12.000000,0.000000,0.000000,0.000000,0.200000,0.000000,0.000000
9.062500,12.000000,0.000000,0.000000,0.000000,0.200000,0.000000,0.000000
9.075000,12.000000,0.000000,0.000000,0.000000,0.200000,0.000000,0.000000
9.087500,12.000000,0.000000,0.000000,0.000000,0.200000,0.000000,0.000000
9.100000,12.000000,0.000000,0.000000,0.000000,0.200000,0.000000,0.000000
9.112500,12.000000,0.000000,0.000000,0.000000,0.200000,0.000000,0.000000
9.125000,12.000000,0.000000,0.000000,0.000000,0.200000,0.000000,0.000000
9.137500,12.000000,0.000000,0.000000,0.000000,0.200000,0.000000,0.000000
9.150000,12.000000,0.000000,0.000000,0.000000,0.200000,0.000000,0.000000
9.162500,12.000000,0.000000,0.000000,0.000000,0.200000,0.000000,0.000000
9.175000,12.000000,0.000000,0.000000,0.000000,0.200000,0.000000,0.000000
9.187500,12.000000,0.000000,0.000000,0.000000,0.200000,0.000000,0.000000
9.200000,12.000000,0.000000,0.000000,0.000000,0.200000,0.000000,0.000000
9.212500,12.000000,0.000000,0.000000,0.000000,0.200000,0.000000,0.000000
9.225000,12.000000,0.000000,0.000000,0.000000,0.200000,0.000000,0.000000
9.237500,12.000000,0.000000,0.000000,0.000000,0.200000,0.000000,0.000000
9.250000,12.000000,0.000000,0.000000,0.000000,0.200000,0.000000,0.000000
9.262500,12.000000,0.000000,0.000000,0.000000,0.200000,0.000000,0.000000
9.275000,12.000000,0.000000,0.000000,0.000000,0.200000,0.000000,0.000000
9.287500,12.000000,0.000000,0.000000,0.000000,0.200000,0.000000,0.000000
9.300000,12.000000,0.000000,0.000000,0.000000,0.200000,0.000000,0.000000
9.312500,12.000000,0.000000,0.000000,0.000000,0.200000,0.000000,0.000000
9.325000,12.000000,0.000000,0.000000,0.000000,0.200000,0.000000,0.000000
9.337500,12.000000,0.000000,0.000000,0.000000,0.200000,0.000000,0.000000
9.350000,12.000000,0.000000,0.000000,0.000000,0.200000,0.000000,0.000000
9.362500,12.000000,0.000000,0.000000,0.000000,0.200000,0.000000,0.000000
9.375000,12.000000,0.000000,0.000000,0.000000,0.200000,0.000000,0.000000
9.387500,12.000000,0.000000,0.000000,0.000000,0.200000,0.000000,0.000000
9.400000,12.000000,0.000000,0.000000,0.000000,0.200000,0.000000,0.000000
9.412500,12.000000,0.000000,0.000000,0.000000,0.200000,0.000000,0.000000
9.425000,12.000000,0.000000,0.000000,0.000000,0.200000,0.000000,0.000000
9.437500,12.000000,0.000000,0.000000,0.000000,0.200000,0.000000,0.000000
9.450000,12.000000,0.000000,0.000000,0.000000,0.200000,0.000000,0.000000
9.462500,12.000000,0.000000,0.000000,0.000000,0.200000,0.000000,0.000000
9.475000,12.000000,0.000000,0.000000,0.000000,0.200000,0.000000,0.000000
9.487500,12.000000,0.000000,0.000000,0.000000,0.200000,0.000000,0.000000
9.500000,12.000000,0.000000,0.000000,0.000000,0.200000,0.000000,0.000000
9.512500,12.000000,0.000000,0.000000,0.000000,0.200000,0.000000,0.000000
9.525000,12.000000,0.000000,0.000000,0.000000,0.200000,0.000000,0.000000
9.537500,12.000000,0.000000,0.000000,0.000000,0.200000,0.000000,0.000000
9.550000,12.000000,0.000000,0.000000,0.000000,0.200000,0.000000,0.000000
9.562500,12.000000,0.000000,0.000000,0.000000,0.200000,0.000000,0.000000
9.575000,12.000000,0.000000,0.000000,0.000000,0.200000,0.000000,0.000000
9.587500,12.000000,0.000000,0.000000,0.000000,0.200000,0.000000,0.000000
9.600000,12.000000,0.000000,0.000000,0.000000,0.200000,0.000000,0.000000
9.612500,12.000000,0.000000,0.000000,0.000000,0.200000,0.000000,0.000000
9.625000,12.000000,0.000000,0.000000,0.000000,0.200000,0.000000,0.000000
9.637500,12.000000,0.000000,0.000000,0.000000,0.200000,0.000000,0.000000
9.650000,12.000000,0.000000,0.000000,0.000000,0.200000,0.000000,0.000000
9.662500,12.000000,0.000000,0.000000,0.000000,0.200000,0.000000,0.000000
9.675000,12.000000,0.000000,0.000000,0.000000,0.200000,0.000000,0.000000
9.687500,12.000000,0.000000,0.000000,0.000000,0.200000,0.000000,0.000000
9.700000,12.000000,0.000000,0.000000,0.000000,0.200000,0.000000,0.000000
9.712500,12.000000,0.000000,0.000000,0.000000,0.200000,0.000000,0.000000
9.725000,12.000000,0.000000,0.000000,0.000000,0.200000,0.000000,0.000000
9.737500,12.000000,0.000000,0.000000,0.000000,0.200000,0.000000,0.000000
9.750000,12.000000,0.000000,0.000000,0.000000,0.200000,0.000000,0.000000
9.762500,12.000000,0.000000,0.000000,0.000000,0.200000,0.000000,0.000000
9.775000,12.000000,0.000000,0.000000,0.000000,0.200000,0.000000,0.000000
9.787500,12.000000,0.000000,0.000000,0.000000,0.200000,0.000000,0.000000
9.800000,12.000000,0.000000,0.000000,0.000000,0.200000,0.000000,0.000000
9.812500,12.000000,0.000000,0.000000,0.000000,0.200000,0.000000,0.000000
9.825000,12.000000,0.000000,0.000000,0.000000,0.200000,0.000000,0.000000
9.837500,12.000000,0.000000,0.000000,0.000000,0.200000,0.000000,0.000000
9.850000,12.000000,0.000000,0.000000,0.000000,0.200000,0.000000,0.000000
9.862500,12.000000,0.000000,0.000000,0.000000,0.200000,0.000000,0.000000
9.875000,12.000000,0.000000,0.000000,0.000000,0.200000,0.000000,0.000000
9.887500,12.000000,0.000000,0.000000,0.000000,0.200000,0.000000,0.000000
9.900000,12.000000,0.000000,0.000000,0.000000,0.200000,0.000000,0.000000
9.912500,12.000000,0.000000,0.000000,0.000000,0.200000,0.000000,0.000000
9.925000,12.000000,0.000000,0.000000,0.000000,0.200000,0.000000,0.000000
9.937500,12.000000,0.000000,0.000000,0.000000,0.200000,0.000000,0.000000
9.950000,12.000000,0.000000,0.000000,0.000000,0.200000,0.000000,0.000000
9.962500,12.000000,0.000000,0.000000,0.000000,0.200000,0.000000,0.000000
9.975000,12.000000,0.000000,0.000000,0.000000,0.200000,0.000000,0.000000
9.987500,12.000000,0.000000,0.000000,0.000000,0.200000,0.000000,0.000000
10.000000,12.000000,0.000000,0.000000,0.000000,0.200000,0.000000,0.000000
10.012500,12.000000,0.000000,0.000000,0.000000,0.200000,0.000000,0.000000
10.025000,11.999996,0.000000,0.000000,0.000000,0.200000,0.000000,0.000000
10.037500,11.999987,0.000000,0.000000,0.000000,0.200000,0.000000,0.000000
10.050000,11.999968,0.000000,0.000000,0.000000,0.200000,0.000000,0.000000
10.062500,11.999938,0.000000,0.000000,0.000000,0.200000,0.000000,0.000000
10.075000,11.999892,0.000000,0.000000,0.000000,0.200000,0.000000,0.000000
10.087500,11.999829,0.000000,0.000000,0.000000,0.200000,0.000000,0.000000
10.100000,11.999745,0.000000,0.000000,0.000000,0.200000,0.000000,0.000000
10.112500,11.999637,0.000000,0.000000,0.000000,0.200000,0.000000,0.000000
10.125000,11.999503,0.000000,0.000000,0.000000,0.200000,0.000000,0.000000
10.137500,11.999339,0.000000,0.000000,0.000000,0.200000,0.000000,0.000000
10.150000,11.999142,0.000000,0.000000,0.000000,0.200000,0.000000,0.000000
10.162500,11.998910,0.000000,0.000000,0.000000,0.200000,0.000000,0.000000
10.175000,11.998639,0.000000,0.000000,0.000000,0.200000,0.000000,0.000000
10.187500,11.998327,0.000000,0.000000,0.000000,0.200000,0.000000,0.000000
10.200000,11.997972,0.000000,0.000000,0.000000,0.200000,0.000000,0.000000
10.212500,11.997569,0.000000,0.000000,0.000000,0.200000,0.000000,0.000000
10.225000,11.997117,0.000000,0.000000,0.000000,0.200000,0.000000,0.000000
10.237500,11.996612,0.000000,0.000000,0.000000,0.200000,0.000000,0.000000
10.250000,11.996053,0.000000,0.000000,0.000000,0.200000,0.000000,0.000000
10.262500,11.995435,0.000000,0.000000,0.000000,0.200000,0.000000,0.000000
10.275000,11.994758,0.000000,0.000000,0.000000,0.200000,0.000000,0.000000
10.287500,11.994017,0.000000,0.000000,0.000000,0.200000,0.000000,0.000000
10.300000,11.993210,0.000000,0.000000,0.000000,0.200000,0.000000,0.000000
10.312500,11.992335,0.000000,0.000000,0.000000,0.200000,0.000000,0.000000
10.325000,11.991389,0.000000,0.000000,0.000000,0.200000,0.000000,0.000000
10.337500,11.990370,0.000000,0.000000,0.000000,0.200000,0.000000,0.000000
10.350000,11.989275,0.000000,0.000000,0.000000,0.200000,0.000000,0.000000
10.362500,11.988102,0.000000,0.000000,0.000000,0.200000,0.000000,0.000000
10.375000,11.986849,0.000000,0.000000,0.000000,0.200000,0.000000,0.000000
10.387500,11.985512,0.000000,0.000000,0.000000,0.200000,0.000000,0.000000
10.400000,11.984090,0.000000,0.000000,0.000000,0.200000,0.000000,0.000000
10.412500,11.982581,0.000000,0.000000,0.000000,0.200000,0.000000,0.000000
10.425000,11.980982,0.000000,0.000000,0.000000,0.200000,0.000000,0.000000
10.437500,11.979291,0.000000,0.000000,0.000000,0.200000,0.000000,0.000000
10.450000,11.977506,0.000000,0.000000,0.000000,0.200000,0.000000,0.000000
10.462500,11.975625,0.000000,0.000000,0.000000,0.200000,0.000000,0.000000
10.475000,11.973646,0.000000,0.000000,0.000000,0.200000,0.000000,0.000000
10.487500,11.971567,0.000000,0.000000,0.000000,0.200000,0.000000,0.000000
10.500000,11.969386,0.000000,0.000000,0.000000,0.200000,0.000000,0.000000
10.512500,11.967101,0.000000,0.000000,0.000000,0.200000,0.000000,0.000000
10.525000,11.964711,0.000000,0.000000,0.000000,0.200000,0.000000,0.000000
10.537500,11.962213,0.000000,0.000000,0.000000,0.200000,0.000000,0.000000
10.550000,11.959606,0.000000,0.000000,0.000000,0.200000,0.000000,0.000000
10.562500,11.956889,0.000000,0.000000,0.000000,0.200000,0.000000,0.000000
10.575000,11.954060,0.000000,0.000000,0.000000,0.200000,0.000000,0.000000
10.587500,11.951116,0.000000,0.000000,0.000000,0.200000,0.000000,0.000000
10.600000,11.948058,0.000000,0.000000,0.000000,0.200000,0.000000,0.000000
10.612500,11.944883,0.000000,0.000000,0.000000,0.200000,0.000000,0.000000
10.625000,11.941591,0.000000,0.000000,0.000000,0.200000,0.000000,0.000000
10.637500,11.938179,0.000000,0.000000,0.000000,0.200000,0.000000,0.000000
10.650000,11.934647,0.000000,0.000000,0.000000,0.200000,0.000000,0.000000
10.662500,11.930993,0.000000,0.000000,0.000000,0.200000,0.000000,0.000000
10.675000,11.927217,0.000000,0.000000,0.000000,0.200000,0.000000,0.000000
10.687500,11.923317,0.000000,0.000000,0.000000,0.200000,0.000000,0.000000
10.700000,11.919294,0.000000,0.000000,0.000000,0.200000,0.000000,0.000000
10.712500,11.915144,0.000000,0.000000,0.000000,0.200000,0.000000,0.000000
10.725000,11.910869,0.000000,0.000000,0.000000,0.200000,0.000000,0.000000
10.737500,11.906467,0.000000,0.000000,0.000000,0.200000,0.000000,0.000000
10.750000,11.901937,0.000000,0.000000,0.000000,0.200000,0.000000,0.000000
10.762500,11.897280,0.000000,0.000000,0.000000,0.200000,0.000000,0.000000
10.775000,11.892494,0.000000,0.000000,0.000000,0.200000,0.000000,0.000000
10.787500,11.887579,0.000000,0.000000,0.000000,0.200000,0.000000,0.000000
10.800000,11.882535,0.000000,0.000000,0.000000,0.200000,0.000000,0.000000
10.812500,11.877361,0.000000,0.000000,0.000000,0.200000,0.000000,0.000000
10.825000,11.872058,0.000000,0.000000,0.000000,0.200000,0.000000,0.000000
10.837500,11.866624,0.000000,0.000000,0.000000,0.200000,0.000000,0.000000
10.850000,11.861061,0.000000,0.000000,0.000000,0.200000,0.000000,0.000000
10.862500,11.855367,0.000000,0.000000,0.000000,0.200000,0.000000,0.000000
10.875000,11.849544,0.000000,0.000000,0.000000,0.200000,0.000000,0.000000
10.887500,11.843591,0.000000,0.000000,0.000000,0.200000,0.000000,0.000000
10.900000,11.837509,0.000000,0.000000,0.000000,0.200000,0.000000,0.000000
10.912500,11.831297,0.000000,0.000000,0.000000,0.200000,0.000000,0.000000
10.925000,11.824956,0.000000,0.000000,0.000000,0.200000,0.000000,0.000000
10.937500,11.818488,0.000000,0.000000,0.000000,0.200000,0.000000,0.000000
10.950000,11.811891,0.000000,0.000000,0.000000,0.200000,0.000000,0.000000
10.962500,11.805168,0.000000,0.000000,0.000000,0.200000,0.000000,0.000000
10.975000,11.798318,0.000000,0.000000,0.000000,0.200000,0.000000,0.000000
10.987500,11.791342,0.000000,0.000000,0.000000,0.200000,0.000000,0.000000
11.000000,11.784241,0.000000,0.000000,0.000000,0.200000,0.000000,0.000000
11.012500,11.777017,0.000000,0.000000,0.000000,0.200000,0.000000,0.000000
11.025000,11.769670,0.000000,0.000000,0.000000,0.200000,0.000000,0.000000
11.037500,11.762201,0.000000,0.000000,0.000000,0.200000,0.000000,0.000000
11.050000,11.754611,0.000000,0.000000,0.000000,0.200000,0.000000,0.000000
11.062500,11.746903,0.000000,0.000000,0.000000,0.200000,0.000000,0.000000
11.075000,11.739076,0.000000,0.000000,0.000000,0.200000,0.000000,0.000000
11.087500,11.731132,0.000000,0.000000,0.000000,0.200000,0.000000,0.000000
11.100000,11.723073,0.000000,0.000000,0.000000,0.200000,0.000000,0.000000
11.112500,11.714901,0.000000,0.000000,0.000000,0.200000,0.000000,0.000000
11.125000,11.706616,0.000000,0.000000,0.000000,0.200000,0.000000,0.000000
11.137500,11.698222,0.000000,0.000000,0.000000,0.200000,0.000000,0.000000
11.150000,11.689718,0.000000,0.000000,0.000000,0.200000,0.000000,0.000000
11.162500,11.681108,0.000000,0.000000,0.000000,0.200000,0.000000,0.000000
11.175000,11.672394,0.000000,0.000000,0.000000,0.200000,0.000000,0.000000
11.187500,11.663576,0.000000,0.000000,0.000000,0.200000,0.000000,0.000000
11.200000,11.654658,0.000000,0.000000,0.000000,0.200000,0.000000,0.000000
11.212500,11.645641,0.000000,0.000000,0.000000,0.200000,0.000000,0.000000
11.225000,11.636528,0.000000,0.000000,0.000000,0.200000,0.000000,0.000000
11.237500,11.627321,0.000000,0.000000,0.000000,0.200000,0.000000,0.000000
11.250000,11.618022,0.000000,0.000000,0.000000,0.200000,0.000000,0.000000
11.262500,11.608634,0.000000,0.000000,0.000000,0.200000,0.000000,0.000000
11.275000,11.599159,0.000000,0.000000,0.000000,0.200000,0.000000,0.000000
11.287500,11.589600,0.000000,0.000000,0.000000,0.200000,0.000000,0.000000
11.300000,11.579959,0.000000,0.000000,0.000000,0.200000,0.000000,0.000000
11.312500,11.570239,0.000000,0.000000,0.000000,0.200000,0.000000,0.000000
11.325000,11.560444,0.000000,0.000000,0.000000,0.200000,0.000000,0.000000
11.337500,11.550575,0.000000,0.000000,0.000000,0.200000,0.000000,0.000000
11.350000,11.540636,0.000000,0.000000,0.000000,0.200000,0.000000,0.000000
11.362500,11.530629,0.000000,0.000000,0.000000,0.200000,0.000000,0.000000
11.375000,11.520558,0.000000,0.000000,0.000000,0.200000,0.000000,0.000000
11.387500,11.510426,0.000000,0.000000,0.000000,0.200000,0.000000,0.000000
11.400000,11.500236,0.000000,0.000000,0.000000,0.200000,0.000000,0.000000
11.412500,11.489991,0.000000,0.000000,0.000000,0.200000,0.000000,0.000000
11.425000,11.479695,0.000000,0.000000,0.000000,0.200000,0.000000,0.000000
11.437500,11.469350,0.000000,0.000000,0.000000,0.200000,0.000000,0.000000
11.450000,11.458960,0.000000,0.000000,0.000000,0.200000,0.000000,0.000000
11.462500,11.448529,0.000000,0.000000,0.000000,0.200000,0.000000,0.000000
11.475000,11.438060,0.000000,0.000000,0.000000,0.200000,0.000000,0.000000
11.487500,11.427557,0.000000,0.000000,0.000000,0.200000,0.000000,0.000000
11.500000,11.417023,0.000000,0.000000,0.000000,0.200000,0.000000,0.000000
11.512500,11.406463,0.000000,0.000000,0.000000,0.200000,0.000000,0.000000
11.525000,11.395878,0.000000,0.000000,0.000000,0.200000,0.000000,0.000000
11.537500,11.385275,0.000000,0.000000,0.000000,0.200000,0.000000,0.000000
11.550000,11.374656,0.000000,0.000000,0.000000,0.200000,0.000000,0.000000
11.562500,11.364025,0.000000,0.000000,0.000000,0.200000,0.000000,0.000000
11.575000,11.353386,0.000000,0.000000,0.000000,0.200000,0.000000,0.000000
11.587500,11.342743,0.000000,0.000000,0.000000,0.200000,0.000000,0.000000
11.600000,11.332100,0.000000,0.000000,0.000000,0.200000,0.000000,0.000000
11.612500,11.321461,0.000000,0.000000,0.000000,0.200000,0.000000,0.000000
11.625000,11.310831,0.000000,0.000000,0.000000,0.200000,0.000000,0.000000
11.637500,11.300213,0.000000,0.000000,0.000000,0.200000,0.000000,0.000000
11.650000,11.289611,0.000000,0.000000,0.000000,0.200000,0.000000,0.000000
11.662500,11.279031,0.000000,0.000000,0.000000,0.200000,0.000000,0.000000
11.675000,11.268475,0.000000,0.000000,0.000000,0.200000,0.000000,0.000000
11.687500,11.257948,0.000000,0.000000,0.000000,0.200000,0.000000,0.000000
11.700000,11.247455,0.000000,0.000000,0.000000,0.200000,0.000000,0.000000
11.712500,11.237000,0.000000,0.000000,0.000000,0.200000,0.000000,0.000000
11.725000,11.226587,0.000000,0.000000,0.000000,0.200000,0.000000,0.000000
11.737500,11.216221,0.000000,0.000000,0.000000,0.200000,0.000000,0.000000
11.750000,11.205906,0.000000,0.000000,0.000000,0.200000,0.000000,0.000000
11.762500,11.195646,0.000000,0.000000,0.000000,0.200000,0.000000,0.000000
11.775000,11.185447,0.000000,0.000000,0.000000,0.200000,0.000000,0.000000
11.787500,11.175312,0.000000,0.000000,0.000000,0.200000,0.000000,0.000000
11.800000,11.165246,0.000000,0.000000,0.000000,0.200000,0.000000,0.000000
11.812500,11.155253,0.000000,0.000000,0.000000,0.200000,0.000000,0.000000
11.825000,11.145339,0.000000,0.000000,0.000000,0.200000,0.000000,0.000000
11.837500,11.135507,0.000000,0.000000,0.000000,0.200000,0.000000,0.000000
11.850000,11.125763,0.000000,0.000000,0.000000,0.200000,0.000000,0.000000
11.862500,11.116110,0.000000,0.000000,0.000000,0.200000,0.000000,0.000000
11.875000,11.106554,0.000000,0.000000,0.000000,0.200000,0.000000,0.000000
11.887500,11.097099,0.000000,0.000000,0.000000,0.200000,0.000000,0.000000
11.900000,11.087750,0.000000,0.000000,0.000000,0.200000,0.000000,0.000000
11.912500,11.078511,0.000000,0.000000,0.000000,0.200000,0.000000,0.000000
11.925000,11.069386,0.000000,0.000000,0.000000,0.200000,0.000000,0.000000
11.937500,11.060382,0.000000,0.000000,0.000000,0.200000,0.000000,0.000000
11.950000,11.051501,0.000000,0.000000,0.000000,0.200000,0.000000,0.000000
11.962500,11.042750,0.000000,0.000000,0.000000,0.200000,0.000000,0.000000
11.975000,11.034131,0.000000,0.000000,0.000000,0.200000,0.000000,0.000000
11.987500,11.025651,0.000000,0.000000,0.000000,0.200000,0.000000,0.000000
12.000000,11.017314,0.000000,0.000000,0.000000,0.200000,0.000000,0.000000
12.012500,11.009124,0.000000,0.000000,0.000000,0.200000,0.000000,0.000000
12.025000,11.001085,0.000000,0.000000,0.000000,0.200000,0.000000,0.000000
12.037500,10.993203,0.000000,0.000000,0.000000,0.200000,0.000000,0.000000
12.050000,10.985483,0.000000,0.000000,0.000000,0.200000,0.000000,0.000000
12.062500,10.977927,0.000000,0.000000,0.000000,0.200000,0.000000,0.000000
12.075000,10.970542,0.000000,0.000000,0.000000,0.200000,0.000000,0.000000
12.087500,10.963332,0.000000,0.000000,0.000000,0.200000,0.000000,0.000000
12.100000,10.956300,0.000000,0.000000,0.000000,0.200000,0.000000,0.000000
12.112500,10.949452,0.000000,0.000000,0.000000,0.200000,0.000000,0.000000
12.125000,10.942793,0.000000,0.000000,0.000000,0.200000,0.000000,0.000000
12.137500,10.936326,0.000000,0.000000,0.000000,0.200000,0.000000,0.000000
12.150000,10.930055,0.000000,0.000000,0.000000,0.200000,0.000000,0.000000
12.162500,10.923986,0.000000,0.000000,0.000000,0.200000,0.000000,0.000000
12.175000,10.918123,0.000000,0.000000,0.000000,0.200000,0.000000,0.000000
12.187500,10.912469,0.000000,0.000000,0.000000,0.200000,0.000000,0.000000
12.200000,10.907030,0.000000,0.000000,0.000000,0.200000,0.000000,0.000000
12.212500,10.901809,0.000000,0.000000,0.000000,0.200000,0.000000,0.000000
12.225000,10.896811,0.000000,0.000000,0.000000,0.200000,0.000000,0.000000
12.237500,10.892040,0.000000,0.000000,0.000000,0.200000,0.000000,0.000000
12.250000,10.887499,0.000000,0.000000,0.000000,0.200000,0.000000,0.000000
12.262500,10.883194,0.000000,0.000000,0.000000,0.200000,0.000000,0.000000
12.275000,10.879127,0.000000,0.000000,0.000000,0.200000,0.000000,0.000000
12.287500,10.875304,0.000000,0.000000,0.000000,0.200000,0.000000,0.000000
12.300000,10.871727,0.000000,0.000000,0.000000,0.200000,0.000000,0.000000
12.312500,10.868401,0.000000,0.000000,0.000000,0.200000,0.000000,0.000000
12.325000,10.865330,0.000000,0.000000,0.000000,0.200000,0.000000,0.000000
12.337500,10.862518,0.000000,0.000000,0.000000,0.200000,0.000000,0.000000
12.350000,10.859968,0.000000,0.000000,0.000000,0.200000,0.000000,0.000000
12.362500,10.857683,0.000000,0.000000,0.000000,0.200000,0.000000,0.000000
12.375000,10.855668,0.000000,0.000000,0.000000,0.200000,0.000000,0.000000
12.387500,10.853927,0.000000,0.000000,0.000000,0.200000,0.000000,0.000000
12.400000,10.852461,0.000000,0.000000,0.000000,0.200000,0.000000,0.000000
12.412500,10.851276,0.000000,0.000000,0.000000,0.200000,0.000000,0.000000
12.425000,10.850375,0.000000,0.000000,0.000000,0.200000,0.000000,0.000000
12.437500,10.849760,0.000000,0.000000,0.000000,0.200000,0.000000,0.000000
12.450000,10.849435,0.000000,0.000000,0.000000,0.200000,0.000000,0.000000
12.462500,10.849403,0.000000,0.000000,0.000000,0.200000,0.000000,0.000000
12.475000,10.849667,0.000000,0.000000,0.000000,0.200000,0.000000,0.000000
12.487500,10.850231,0.000000,0.000000,0.000000,0.200000,0.000000,0.000000
12.500000,10.851097,0.000000,0.000000,0.000000,0.200000,0.000000,0.000000
12.512500,10.852268,0.000000,0.000000,0.000000,0.200000,0.000000,0.000000
12.525000,10.853747,0.000000,0.000000,0.000000,0.200000,0.000000,0.000000
12.537500,10.855537,0.000000,0.000000,0.000000,0.200000,0.000000,0.000000
12.550000,10.857640,0.000000,0.000000,0.000000,0.200000,0.000000,0.000000
12.562500,10.860059,0.000000,0.000000,0.000000,0.200000,0.000000,0.000000
12.575000,10.862797,0.000000,0.000000,0.000000,0.200000,0.000000,0.000000
12.587500,10.865856,0.000000,0.000000,0.000000,0.200000,0.000000,0.000000
12.600000,10.869238,0.000000,0.000000,0.000000,0.200000,0.000000,0.000000
12.612500,10.872946,0.000000,0.000000,0.000000,0.200000,0.000000,0.000000
12.625000,10.876981,0.000000,0.000000,0.000000,0.200000,0.000000,0.000000
12.637500,10.881347,0.000000,0.000000,0.000000,0.200000,0.000000,0.000000
12.650000,10.886044,0.000000,0.000000,0.000000,0.200000,0.000000,0.000000
12.662500,10.891075,0.000000,0.000000,0.000000,0.200000,0.000000,0.000000
12.675000,10.896442,0.000000,0.000000,0.000000,0.200000,0.000000,0.000000
12.687500,10.902146,0.000000,0.000000,0.000000,0.200000,0.000000,0.000000
12.700000,10.908189,0.000000,0.000000,0.000000,0.200000,0.000000,0.000000
12.712500,10.914573,0.000000,0.000000,0.000000,0.200000,0.000000,0.000000
12.725000,10.921299,0.000000,0.000000,0.000000,0.200000,0.000000,0.000000
12.737500,10.928368,0.000000,0.000000,0.000000,0.200000,0.000000,0.000000
12.750000,10.935782,0.000000,0.000000,0.000000,0.200000,0.000000,0.000000
12.762500,10.943542,0.000000,0.000000,0.000000,0.200000,0.000000,0.000000
12.775000,10.951649,0.000000,0.000000,0.000000,0.200000,0.000000,0.000000
12.787500,10.960104,0.000000,0.000000,0.000000,0.200000,0.000000,0.000000
12.800000,10.968908,0.000000,0.000000,0.000000,0.200000,0.000000,0.000000
12.812500,10.978061,0.000000,0.000000,0.000000,0.200000,0.000000,0.000000
12.825000,10.987566,0.000000,0.000000,0.000000,0.200000,0.000000,0.000000
12.837500,10.997421,0.000000,0.000000,0.000000,0.200000,0.000000,0.000000
12.850000,11.007628,0.000000,0.000000,0.000000,0.200000,0.000000,0.000000
12.862500,11.018186,0.000000,0.000000,0.000000,0.200000,0.000000,0.000000
12.875000,11.029097,0.000000,0.000000,0.000000,0.200000,0.000000,0.000000
12.887500,11.040361,0.000000,0.000000,0.000000,0.200000,0.000000,0.000000
12.900000,11.051977,0.000000,0.000000,0.000000,0.200000,0.000000,0.000000
12.912500,11.063945,0.000000,0.000000,0.000000,0.200000,0.000000,0.000000
12.925000,11.076266,0.000000,0.000000,0.000000,0.200000,0.000000,0.000000
12.937500,11.088939,0.000000,0.000000,0.000000,0.200000,0.000000,0.000000
12.950000,11.101965,0.000000,0.000000,0.000000,0.200000,0.000000,0.000000
12.962500,11.115341,0.000000,0.000000,0.000000,0.200000,0.000000,0.000000
12.975000,11.129069,0.000000,0.000000,0.000000,0.200000,0.000000,0.000000
12.987500,11.143147,0.000000,0.000000,0.000000,0.200000,0.000000,0.000000
13.000000,11.157574,0.000000,0.000000,0.000000,0.200000,0.000000,0.000000
13.012500,11.172351,0.000000,0.000000,0.000000,0.200000,0.000000,0.000000
13.025000,11.187475,0.000000,0.000000,0.000000,0.200000,0.000000,0.000000
13.037500,11.202946,0.000000,0.000000,0.000000,0.200000,0.000000,0.000000
13.050000,11.218762,0.000000,0.000000,0.000000,0.200000,0.000000,0.000000
13.062500,11.234923,0.000000,0.000000,0.000000,0.200000,0.000000,0.000000
13.075000,11.251427,0.000000,0.000000,0.000000,0.200000,0.000000,0.000000
13.087500,11.268273,0.000000,0.000000,0.000000,0.200000,0.000000,0.000000
13.100000,11.285458,0.000000,0.000000,0.000000,0.200000,0.000000,0.000000
13.112500,11.302982,0.000000,0.000000,0.000000,0.200000,0.000000,0.000000
13.125000,11.320842,0.000000,0.000000,0.000000,0.200000,0.000000,0.000000
13.137500,11.339037,0.000000,0.000000,0.000000,0.200000,0.000000,0.000000
13.150000,11.357564,0.000000,0.000000,0.000000,0.200000,0.000000,0.000000
13.162500,11.376422,0.000000,0.000000,0.000000,0.200000,0.000000,0.000000
13.175000,11.395608,0.000000,0.000000,0.000000,0.200000,0.000000,0.000000
13.187500,11.415120,0.000000,0.000000,0.000000,0.200000,0.000000,0.000000
13.200000,11.434956,0.000000,0.000000,0.000000,0.200000,0.000000,0.000000
13.212500,11.455113,0.000000,0.000000,0.000000,0.200000,0.000000,0.000000
13.225000,11.475588,0.000000,0.000000,0.000000,0.200000,0.000000,0.000000
13.237500,11.496378,0.000000,0.000000,0.000000,0.200000,0.000000,0.000000
13.250000,11.517482,0.000000,0.000000,0.000000,0.200000,0.000000,0.000000
13.262500,11.538895,0.000000,0.000000,0.000000,0.200000,0.000000,0.000000
13.275000,11.560615,0.000000,0.000000,0.000000,0.200000,0.000000,0.000000
13.287500,11.582639,0.000000,0.000000,0.000000,0.200000,0.000000,0.000000
13.300000,11.604963,0.000000,0.000000,0.000000,0.200000,0.000000,0.000000
13.312500,11.627585,0.000000,0.000000,0.000000,0.200000,0.000000,0.000000
13.325000,11.650500,0.000000,0.000000,0.000000,0.200000,0.000000,0.000000
13.337500,11.673705,0.000000,0.000000,0.000000,0.200000,0.000000,0.000000
13.350000,11.697197,0.000000,0.000000,0.000000,0.200000,0.000000,0.000000
13.362500,11.720972,0.000000,0.000000,0.000000,0.200000,0.000000,0.000000
13.375000,11.745026,0.000000,0.000000,0.000000,0.200000,0.000000,0.000000
13.387500,11.769355,0.000000,0.000000,0.000000,0.200000,0.000000,0.000000
13.400000,11.793955,0.000000,0.000000,0.000000,0.200000,0.000000,0.000000
13.412500,11.818821,0.000000,0.000000,0.000000,0.200000,0.000000,0.000000
13.425000,11.843951,0.000000,0.000000,0.000000,0.200000,0.000000,0.000000
13.437500,11.869339,0.000000,0.000000,0.000000,0.200000,0.000000,0.000000
13.450000,11.894981,0.000000,0.000000,0.000000,0.200000,0.000000,0.000000
13.462500,11.920873,0.000000,0.000000,0.000000,0.200000,0.000000,0.000000
13.475000,11.947010,0.000000,0.000000,0.000000,0.200000,0.000000,0.000000
13.487500,11.973387,0.000000,0.000000,0.000000,0.200000,0.000000,0.000000
13.500000,12.000000,0.000000,0.000000,0.000000,0.200000,0.000000,0.000000
13.512500,12.026844,0.000000,0.000000,0.000000,0.200000,0.000000,0.000000
13.525000,12.053913,0.000000,0.000000,0.000000,0.200000,0.000000,0.000000
13.537500,12.081204,0.000000,0.000000,0.000000,0.200000,0.000000,0.000000
13.550000,12.108711,0.000000,0.000000,0.000000,0.200000,0.000000,0.000000
13.562500,12.136428,0.000000,0.000000,0.000000,0.200000,0.000000,0.000000
13.575000,12.164351,0.000000,0.000000,0.000000,0.200000,0.000000,0.000000
13.587500,12.192474,0.000000,0.000000,0.000000,0.200000,0.000000,0.000000
13.600000,12.220792,0.000000,0.000000,0.000000,0.200000,0.000000,0.000000
13.612500,12.249299,0.000000,0.000000,0.000000,0.200000,0.000000,0.000000
13.625000,12.277991,0.000000,0.000000,0.000000,0.200000,0.000000,0.000000
13.637500,12.306860,0.000000,0.000000,0.000000,0.200000,0.000000,0.000000
13.650000,12.335902,0.000000,0.000000,0.000000,0.200000,0.000000,0.000000
13.662500,12.365111,0.000000,0.000000,0.000000,0.200000,0.000000,0.000000
13.675000,12.394481,0.000000,0.000000,0.000000,0.200000,0.000000,0.000000
13.687500,12.424006,0.000000,0.000000,0.000000,0.200000,0.000000,0.000000
13.700000,12.453681,0.000000,0.000000,0.000000,0.200000,0.000000,0.000000
13.712500,12.483498,0.000000,0.000000,0.000000,0.200000,0.000000,0.000000
13.725000,12.513453,0.000000,0.000000,0.000000,0.200000,0.000000,0.000000
13.737500,12.543539,0.000000,0.000000,0.000000,0.200000,0.000000,0.000000
13.750000,12.573750,0.000000,0.000000,0.000000,0.200000,0.000000,0.000000
13.762500,12.604079,0.000000,0.000000,0.000000,0.200000,0.000000,0.000000
13.775000,12.634521,0.000000,0.000000,0.000000,0.200000,0.000000,0.000000
13.787500,12.665068,0.000000,0.000000,0.000000,0.200000,0.000000,0.000000
13.800000,12.695716,0.000000,0.000000,0.000000,0.200000,0.000000,0.000000
13.812500,12.726456,0.000000,0.000000,0.000000,0.200000,0.000000,0.000000
13.825000,12.757283,0.000000,0.000000,0.000000,0.200000,0.000000,0.000000
13.837500,12.788190,0.000000,0.000000,0.000000,0.200000,0.000000,0.000000
13.850000,12.819171,0.000000,0.000000,0.000000,0.200000,0.000000,0.000000
13.862500,12.850219,0.000000,0.000000,0.000000,0.200000,0.000000,0.000000
13.875000,12.881327,0.000000,0.000000,0.000000,0.200000,0.000000,0.000000
13.887500,12.912488,0.000000,0.000000,0.000000,0.200000,0.000000,0.000000
13.900000,12.943696,0.000000,0.000000,0.000000,0.200000,0.000000,0.000000
13.912500,12.974945,0.000000,0.000000,0.000000,0.200000,0.000000,0.000000
13.925000,13.006226,0.000000,0.000000,0.000000,0.200000,0.000000,0.000000
13.937500,13.037534,0.000000,0.000000,0.000000,0.200000,0.000000,0.000000
13.950000,13.068861,0.000000,0.000000,0.000000,0.200000,0.000000,0.000000
13.962500,13.100201,0.000000,0.000000,0.000000,0.200000,0.000000,0.000000
13.975000,13.131547,0.000000,0.000000,0.000000,0.200000,0.000000,0.000000
13.987500,13.162891,0.000000,0.000000,0.000000,0.200000,0.000000,0.000000
14.000000,13.194227,0.000000,0.000000,0.000000,0.200000,0.000000,0.000000
14.012500,13.225548,0.000000,0.000000,0.000000,0.200000,0.000000,0.000000
14.025000,13.256846,0.000000,0.000000,0.000000,0.200000,0.000000,0.000000
14.037500,13.288116,0.000000,0.000000,0.000000,0.200000,0.000000,0.000000
14.050000,13.319348,0.000000,0.000000,0.000000,0.200000,0.000000,0.000000
14.062500,13.350538,0.000000,0.000000,0.000000,0.200000,0.000000,0.000000
14.075000,13.381677,0.000000,0.000000,0.000000,0.200000,0.000000,0.000000
14.087500,13.412759,0.000000,0.000000,0.000000,0.200000,0.000000,0.000000
14.100000,13.443776,0.000000,0.000000,0.000000,0.200000,0.000000,0.000000
14.112500,13.474722,0.000000,0.000000,0.000000,0.200000,0.000000,0.000000
14.125000,13.505589,0.000000,0.000000,0.000000,0.200000,0.000000,0.000000
14.137500,13.536370,0.000000,0.000000,0.000000,0.200000,0.000000,0.000000
14.150000,13.567058,0.000000,0.000000,0.000000,0.200000,0.000000,0.000000
14.162500,13.597647,0.000000,0.000000,0.000000,0.200000,0.000000,0.000000
14.175000,13.628128,0.000000,0.000000,0.000000,0.200000,0.000000,0.000000
14.187500,13.658495,0.000000,0.000000,0.000000,0.200000,0.000000,0.000000
14.200000,13.688742,0.000000,0.000000,0.000000,0.200000,0.000000,0.000000
14.212500,13.718860,0.000000,0.000000,0.000000,0.200000,0.000000,0.000000
14.225000,13.748843,0.000000,0.000000,0.000000,0.200000,0.000000,0.000000
14.237500,13.778684,0.000000,0.000000,0.000000,0.200000,0.000000,0.000000
14.250000,13.808376,0.000000,0.000000,0.000000,0.200000,0.000000,0.000000
14.262500,13.837912,0.000000,0.000000,0.000000,0.200000,0.000000,0.000000
14.275000,13.867285,0.000000,0.000000,0.000000,0.200000,0.000000,0.000000
14.287500,13.896489,0.000000,0.000000,0.000000,0.200000,0.000000,0.000000
14.300000,13.925515,0.000000,0.000000,0.000000,0.200000,0.000000,0.000000
14.312500,13.954358,0.000000,0.000000,0.000000,0.200000,0.000000,0.000000
14.325000,13.983010,0.000000,0.000000,0.000000,0.200000,0.000000,0.000000
14.337500,14.011466,0.000000,0.000000,0.000000,0.200000,0.000000,0.000000
14.350000,14.039717,0.000000,0.000000,0.000000,0.200000,0.000000,0.000000
14.362500,14.067758,0.000000,0.000000,0.000000,0.200000,0.000000,0.000000
14.375000,14.095581,0.000000,0.000000,0.000000,0.200000,0.000000,0.000000
14.387500,14.123180,0.000000,0.000000,0.000000,0.200000,0.000000,0.000000
14.400000,14.150549,0.000000,0.000000,0.000000,0.200000,0.000000,0.000000
14.412500,14.177681,0.000000,0.000000,0.000000,0.200000,0.000000,0.000000
14.425000,14.204569,0.000000,0.000000,0.000000,0.200000,0.000000,0.000000
14.437500,14.231207,0.000000,0.000000,0.000000,0.200000,0.000000,0.000000
14.450000,14.257589,0.000000,0.000000,0.000000,0.200000,0.000000,0.000000
14.462500,14.283707,0.000000,0.000000,0.000000,0.200000,0.000000,0.000000
14.475000,14.309557,0.000000,0.000000,0.000000,0.200000,0.000000,0.000000
14.487500,14.335131,0.000000,0.000000,0.000000,0.200000,0.000000,0.000000
14.500000,14.360424,0.000000,0.000000,0.000000,0.200000,0.000000,0.000000
14.512500,14.385429,0.000000,0.000000,0.000000,0.200000,0.000000,0.000000
14.525000,14.410141,0.000000,0.000000,0.000000,0.200000,0.000000,0.000000
14.537500,14.434553,0.000000,0.000000,0.000000,0.200000,0.000000,0.000000
14.550000,14.458659,0.000000,0.000000,0.000000,0.200000,0.000000,0.000000
14.562500,14.482454,0.000000,0.000000,0.000000,0.200000,0.000000,0.000000
14.575000,14.505932,0.000000,0.000000,0.000000,0.200000,0.000000,0.000000
14.587500,14.529086,0.000000,0.000000,0.000000,0.200000,0.000000,0.000000
14.600000,14.551912,0.000000,0.000000,0.000000,0.200000,0.000000,0.000000
14.612500,14.574404,0.000000,0.000000,0.000000,0.200000,0.000000,0.000000
14.625000,14.596556,0.000000,0.000000,0.000000,0.200000,0.000000,0.000000
14.637500,14.618363,0.000000,0.000000,0.000000,0.200000,0.000000,0.000000
14.650000,14.639820,0.000000,0.000000,0.000000,0.200000,0.000000,0.000000
14.662500,14.660921,0.000000,0.000000,0.000000,0.200000,0.000000,0.000000
14.675000,14.681661,0.000000,0.000000,0.000000,0.200000,0.000000,0.000000
14.687500,14.702035,0.000000,0.000000,0.000000,0.200000,0.000000,0.000000
14.700000,14.722039,0.000000,0.000000,0.000000,0.200000,0.000000,0.000000
14.712500,14.741666,0.000000,0.000000,0.000000,0.200000,0.000000,0.000000
14.725000,14.760913,0.000000,0.000000,0.000000,0.200000,0.000000,0.000000
14.737500,14.779774,0.000000,0.000000,0.000000,0.200000,0.000000,0.000000
14.750000,14.798245,0.000000,0.000000,0.000000,0.200000,0.000000,0.000000
14.762500,14.816321,0.000000,0.000000,0.000000,0.200000,0.000000,0.000000
14.775000,14.833998,0.000000,0.000000,0.000000,0.200000,0.000000,0.000000
14.787500,14.851272,0.000000,0.000000,0.000000,0.200000,0.000000,0.000000
14.800000,14.868138,0.000000,0.000000,0.000000,0.200000,0.000000,0.000000
14.812500,14.884592,0.000000,0.000000,0.000000,0.200000,0.000000,0.000000
14.825000,14.900630,0.000000,0.000000,0.000000,0.200000,0.000000,0.000000
14.837500,14.916248,0.000000,0.000000,0.000000,0.200000,0.000000,0.000000
14.850000,14.931442,0.000000,0.000000,0.000000,0.200000,0.000000,0.000000
14.862500,14.946209,0.000000,0.000000,0.000000,0.200000,0.000000,0.000000
14.875000,14.960544,0.000000,0.000000,0.000000,0.200000,0.000000,0.000000
14.887500,14.974444,0.000000,0.000000,0.000000,0.200000,0.000000,0.000000
14.900000,14.987906,0.000000,0.000000,0.000000,0.200000,0.000000,0.000000
14.912500,15.000926,0.000000,0.000000,0.000000,0.200000,0.000000,0.000000
14.925000,15.013502,0.000000,0.000000,0.000000,0.200000,0.000000,0.000000
14.937500,15.025629,0.000000,0.000000,0.000000,0.200000,0.000000,0.000000
14.950000,15.037305,0.000000,0.000000,0.000000,0.200000,0.000000,0.000000
14.962500,15.048528,0.000000,0.000000,0.000000,0.200000,0.000000,0.000000
14.975000,15.059293,0.000000,0.000000,0.000000,0.200000,0.000000,0.000000
14.987500,15.069600,0.000000,0.000000,0.000000,0.200000,0.000000,0.000000
15.000000,15.079444,0.000000,0.000000,0.000000,0.200000,0.000000,0.000000
15.012500,15.088823,0.000000,0.000000,0.000000,0.200000,0.000000,0.000000
15.025000,15.097736,0.000000,0.000000,0.000000,0.200000,0.000000,0.000000
15.037500,15.106180,0.000000,0.000000,0.000000,0.200000,0.000000,0.000000
15.050000,15.114152,0.000000,0.000000,0.000000,0.200000,0.000000,0.000000
15.062500,15.121652,0.000000,0.000000,0.000000,0.200000,0.000000,0.000000
15.075000,15.128676,0.000000,0.000000,0.000000,0.200000,0.000000,0.000000
15.087500,15.135224,0.000000,0.000000,0.000000,0.200000,0.000000,0.000000
15.100000,15.141293,0.000000,0.000000,0.000000,0.200000,0.000000,0.000000
15.112500,15.146883,0.000000,0.000000,0.000000,0.200000,0.000000,0.000000
15.125000,15.151991,0.000000,0.000000,0.000000,0.200000,0.000000,0.000000
15.137500,15.156616,0.000000,0.000000,0.000000,0.200000,0.000000,0.000000
15.150000,15.160758,0.000000,0.000000,0.000000,0.200000,0.000000,0.000000
15.162500,15.164414,0.000000,0.000000,0.000000,0.200000,0.000000,0.000000
15.175000,15.167586,0.000000,0.000000,0.000000,0.200000,0.000000,0.000000
15.187500,15.170270,0.000000,0.000000,0.000000,0.200000,0.000000,0.000000
15.200000,15.172467,0.000000,0.000000,0.000000,0.200000,0.000000,0.000000
15.212500,15.174177,0.000000,0.000000,0.000000,0.200000,0.000000,0.000000
15.225000,15.175399,0.000000,0.000000,0.000000,0.200000,0.000000,0.000000
15.237500,15.176132,0.000000,0.000000,0.000000,0.200000,0.000000,0.000000
15.250000,15.176376,0.000000,0.000000,0.000000,0.200000,0.000000,0.000000
15.262500,15.176132,0.000000,0.000000,0.000000,0.200000,0.000000,0.000000
15.275000,15.175399,0.000000,0.000000,0.000000,0.200000,0.000000,0.000000
15.287500,15.174177,0.000000,0.000000,0.000000,0.200000,0.000000,0.000000
15.300000,15.172467,0.000000,0.000000,0.000000,0.200000,0.000000,0.000000
15.312500,15.170270,0.000000,0.000000,0.000000,0.200000,0.000000,0.000000
15.325000,15.167586,0.000000,0.000000,0.000000,0.200000,0.000000,0.000000
15.337500,15.164414,0.000000,0.000000,0.000000,0.200000,0.000000,0.000000
15.350000,15.160758,0.000000,0.000000,0.000000,0.200000,0.000000,0.000000
15.362500,15.156616,0.000000,0.000000,0.000000,0.200000,0.000000,0.000000
15.375000,15.151991,0.000000,0.000000,0.000000,0.200000,0.000000,0.000000
15.387500,15.146883,0.000000,0.000000,0.000000,0.200000,0.000000,0.000000
15.400000,15.141293,0.000000,0.000000,0.000000,0.200000,0.000000,0.000000
15.412500,15.135224,0.000000,0.000000,0.000000,0.200000,0.000000,0.000000
15.425000,15.128676,0.000000,0.000000,0.000000,0.200000,0.000000,0.000000
15.437500,15.121652,0.000000,0.000000,0.000000,0.200000,0.000000,0.000000
15.450000,15.114152,0.000000,0.000000,0.000000,0.200000,0.000000,0.000000
15.462500,15.106180,0.000000,0.000000,0.000000,0.200000,0.000000,0.000000
15.475000,15.097736,0.000000,0.000000,0.000000,0.200000,0.000000,0.000000
15.487500,15.088823,0.000000,0.000000,0.000000,0.200000,0.000000,0.000000
15.500000,15.079444,0.000000,0.000000,0.000000,0.200000,0.000000,0.000000
15.512500,15.069600,0.000000,0.000000,0.000000,0.200000,0.000000,0.000000
15.525000,15.059293,0.000000,0.000000,0.000000,0.200000,0.000000,0.000000
15.537500,15.048528,0.000000,0.000000,0.000000,0.200000,0.000000,0.000000
15.550000,15.037305,0.000000,0.000000,0.000000,0.200000,0.000000,0.000000
15.562500,15.025629,0.000000,0.000000,0.000000,0.200000,0.000000,0.000000
15.575000,15.013502,0.000000,0.000000,0.000000,0.200000,0.000000,0.000000
15.587500,15.000926,0.000000,0.000000,0.000000,0.200000,0.000000,0.000000
15.600000,14.987906,0.000000,0.000000,0.000000,0.200000,0.000000,0.000000
15.612500,14.974444,0.000000,0.000000,0.000000,0.200000,0.000000,0.000000
15.625000,14.960544,0.000000,0.000000,0.000000,0.200000,0.000000,0.000000
15.637500,14.946209,0.000000,0.000000,0.000000,0.200000,0.000000,0.000000
15.650000,14.931442,0.000000,0.000000,0.000000,0.200000,0.000000,0.000000
15.662500,14.916248,0.000000,0.000000,0.000000,0.200000,0.000000,0.000000
15.675000,14.900630,0.000000,0.000000,0.000000,0.200000,0.000000,0.000000
15.687500,14.884592,0.000000,0.000000,0.000000,0.200000,0.000000,0.000000
15.700000,14.868138,0.000000,0.000000,0.000000,0.200000,0.000000,0.000000
15.712500,14.851272,0.000000,0.000000,0.000000,0.200000,0.000000,0.000000
15.725000,14.833998,0.000000,0.000000,0.000000,0.200000,0.000000,0.000000
15.737500,14.816321,0.000000,0.000000,0.000000,0.200000,0.000000,0.000000
15.750000,14.798245,0.000000,0.000000,0.000000,0.200000,0.000000,0.000000
15.762500,14.779774,0.000000,0.000000,0.000000,0.200000,0.000000,0.000000
15.775000,14.760913,0.000000,0.000000,0.000000,0.200000,0.000000,0.000000
15.787500,14.741666,0.000000,0.000000,0.000000,0.200000,0.000000,0.000000
15.800000,14.722039,0.000000,0.000000,0.000000,0.200000,0.000000,0.000000
15.812500,14.702035,0.000000,0.000000,0.000000,0.200000,0.000000,0.000000
15.825000,14.681661,0.000000,0.000000,0.000000,0.200000,0.000000,0.000000
15.837500,14.660921,0.000000,0.000000,0.000000,0.200000,0.000000,0.000000
15.850000,14.639820,0.000000,0.000000,0.000000,0.200000,0.000000,0.000000
15.862500,14.618363,0.000000,0.000000,0.000000,0.200000,0.000000,0.000000
15.875000,14.596556,0.000000,0.000000,0.000000,0.200000,0.000000,0.000000
15.887500,14.574404,0.000000,0.000000,0.000000,0.200000,0.000000,0.000000
15.900000,14.551912,0.000000,0.000000,0.000000,0.200000,0.000000,0.000000
15.912500,14.529086,0.000000,0.000000,0.000000,0.200000,0.000000,0.000000
15.925000,14.505932,0.000000,0.000000,0.000000,0.200000,0.000000,0.000000
15.937500,14.482454,0.000000,0.000000,0.000000,0.200000,0.000000,0.000000
15.950000,14.458659,0.000000,0.000000,0.000000,0.200000,0.000000,0.000000
15.962500,14.434553,0.000000,0.000000,0.000000,0.200000,0.000000,0.000000
15.975000,14.410141,0.000000,0.000000,0.000000,0.200000,0.000000,0.000000
15.987500,14.385429,0.000000,0.000000,0.000000,0.200000,0.000000,0.000000
16.000000,14.360424,0.000000,0.000000,0.000000,0.200000,0.000000,0.000000
16.012500,14.335131,0.000000,0.000000,0.000000,0.200000,0.000000,0.000000
16.025000,14.309557,0.000000,0.000000,0.000000,0.200000,0.000000,0.000000
16.037500,14.283707,0.000000,0.000000,0.000000,0.200000,0.000000,0.000000
16.050000,14.257589,0.000000,0.000000,0.000000,0.200000,0.000000,0.000000
16.062500,14.231207,0.000000,0.000000,0.000000,0.200000,0.000000,0.000000
16.075000,14.204569,0.000000,0.000000,0.000000,0.200000,0.000000,0.000000
16.087500,14.177681,0.000000,0.000000,0.000000,0.200000,0.000000,0.000000
16.100000,14.150549,0.000000,0.000000,0.000000,0.200000,0.000000,0.000000
16.112500,14.123180,0.000000,0.000000,0.000000,0.200000,0.000000,0.000000
16.125000,14.095581,0.000000,0.000000,0.000000,0.200000,0.000000,0.000000
16.137500,14.067758,0.000000,0.000000,0.000000,0.200000,0.000000,0.000000
16.150000,14.039717,0.000000,0.000000,0.000000,0.200000,0.000000,0.000000
16.162500,14.011466,0.000000,0.000000,0.000000,0.200000,0.000000,0.000000
16.175000,13.983010,0.000000,0.000000,0.000000,0.200000,0.000000,0.000000
16.187500,13.954358,0.000000,0.000000,0.000000,0.200000,0.000000,0.000000
16.200000,13.925515,0.000000,0.000000,0.000000,0.200000,0.000000,0.000000
16.212500,13.896489,0.000000,0.000000,0.000000,0.200000,0.000000,0.000000
16.225000,13.867285,0.000000,0.000000,0.000000,0.200000,0.000000,0.000000
16.237500,13.837912,0.000000,0.000000,0.000000,0.200000,0.000000,0.000000
16.250000,13.808376,0.000000,0.000000,0.000000,0.200000,0.000000,0.000000
16.262500,13.778684,0.000000,0.000000,0.000000,0.200000,0.000000,0.000000
16.275000,13.748843,0.000000,0.000000,0.000000,0.200000,0.000000,0.000000
16.287500,13.718860,0.000000,0.000000,0.000000,0.200000,0.000000,0.000000
16.300000,13.688742,0.000000,0.000000,0.000000,0.200000,0.000000,0.000000
16.312500,13.658495,0.000000,0.000000,0.000000,0.200000,0.000000,0.000000
16.325000,13.628128,0.000000,0.000000,0.000000,0.200000,0.000000,0.000000
16.337500,13.597647,0.000000,0.000000,0.000000,0.200000,0.000000,0.000000
16.350000,13.567058,0.000000,0.000000,0.000000,0.200000,0.000000,0.000000
16.362500,13.536370,0.000000,0.000000,0.000000,0.200000,0.000000,0.000000
16.375000,13.505589,0.000000,0.000000,0.000000,0.200000,0.000000,0.000000
16.387500,13.474722,0.000000,0.000000,0.000000,0.200000,0.000000,0.000000
16.400000,13.443776,0.000000,0.000000,0.000000,0.200000,0.000000,0.000000
16.412500,13.412759,0.000000,0.000000,0.000000,0.200000,0.000000,0.000000
16.425000,13.381677,0.000000,0.000000,0.000000,0.200000,0.000000,0.000000
16.437500,13.350538,0.000000,0.000000,0.000000,0.200000,0.000000,0.000000
16.450000,13.319348,0.000000,0.000000,0.000000,0.200000,0.000000,0.000000
16.462500,13.288116,0.000000,0.000000,0.000000,0.200000,0.000000,0.000000
16.475000,13.256846,0.000000,0.000000,0.000000,0.200000,0.000000,0.000000
16.487500,13.225548,0.000000,0.000000,0.000000,0.200000,0.000000,0.000000
16.500000,13.194227,0.000000,0.000000,0.000000,0.200000,0.000000,0.000000
16.512500,13.162891,0.000000,0.000000,0.000000,0.200000,0.000000,0.000000
16.525000,13.131547,0.000000,0.000000,0.000000,0.200000,0.000000,0.000000
16.537500,13.100201,0.000000,0.000000,0.000000,0.200000,0.000000,0.000000
16.550000,13.068861,0.000000,0.000000,0.000000,0.200000,0.000000,0.000000
16.562500,13.037534,0.000000,0.000000,0.000000,0.200000,0.000000,0.000000
16.575000,13.006226,0.000000,0.000000,0.000000,0.200000,0.000000,0.000000
16.587500,12.974945,0.000000,0.000000,0.000000,0.200000,0.000000,0.000000
16.600000,12.943696,0.000000,0.000000,0.000000,0.200000,0.000000,0.000000
16.612500,12.912488,0.000000,0.000000,0.000000,0.200000,0.000000,0.000000
16.625000,12.881327,0.000000,0.000000,0.000000,0.200000,0.000000,0.000000
16.637500,12.850219,0.000000,0.000000,0.000000,0.200000,0.000000,0.000000
16.650000,12.819171,0.000000,0.000000,0.000000,0.200000,0.000000,0.000000
16.662500,12.788190,0.000000,0.000000,0.000000,0.200000,0.000000,0.000000
16.675000,12.757283,0.000000,0.000000,0.000000,0.200000,0.000000,0.000000
16.687500,12.726456,0.000000,0.000000,0.000000,0.200000,0.000000,0.000000
16.700000,12.695716,0.000000,0.000000,0.000000,0.200000,0.000000,0.000000
16.712500,12.665068,0.000000,0.000000,0.000000,0.200000,0.000000,0.000000
16.725000,12.634521,0.000000,0.000000,0.000000,0.200000,0.000000,0.000000
16.737500,12.604079,0.000000,0.000000,0.000000,0.200000,0.000000,0.000000
16.750000,12.573750,0.000000,0.000000,0.000000,0.200000,0.000000,0.000000
16.762500,12.543539,0.000000,0.000000,0.000000,0.200000,0.000000,0.000000
16.775000,12.513453,0.000000,0.000000,0.000000,0.200000,0.000000,0.000000
16.787500,12.483498,0.000000,0.000000,0.000000,0.200000,0.000000,0.000000
16.800000,12.453681,0.000000,0.000000,0.000000,0.200000,0.000000,0.000000
16.812500,12.424006,0.000000,0.000000,0.000000,0.200000,0.000000,0.000000
16.825000,12.394481,0.000000,0.000000,0.000000,0.200000,0.000000,0.000000
16.837500,12.365111,0.000000,0.000000,0.000000,0.200000,0.000000,0.000000
16.850000,12.335902,0.000000,0.000000,0.000000,0.200000,0.000000,0.000000
16.862500,12.306860,0.000000,0.000000,0.000000,0.200000,0.000000,0.000000
16.875000,12.277991,0.000000,0.000000,0.000000,0.200000,0.000000,0.000000
16.887500,12.249299,0.000000,0.000000,0.000000,0.200000,0.000000,0.000000
16.900000,12.220792,0.000000,0.000000,0.000000,0.200000,0.000000,0.000000
16.912500,12.192474,0.000000,0.000000,0.000000,0.200000,0.000000,0.000000
16.925000,12.164351,0.000000,0.000000,0.000000,0.200000,0.000000,0.000000
16.937500,12.136428,0.000000,0.000000,0.000000,0.200000,0.000000,0.000000
16.950000,12.108711,0.000000,0.000000,0.000000,0.200000,0.000000,0.000000
16.962500,12.081204,0.000000,0.000000,0.000000,0.200000,0.000000,0.000000
16.975000,12.053913,0.000000,0.000000,0.000000,0.200000,0.000000,0.000000
16.987500,12.026844,0.000000,0.000000,0.000000,0.200000,0.000000,0.000000
17.000000,12.000000,0.000000,0.000000,0.000000,0.200000,0.000000,0.000000
17.012500,11.973387,0.000000,0.000000,0.000000,0.200000,0.000000,0.000000
17.025000,11.947010,0.000000,0.000000,0.000000,0.200000,0.000000,0.000000
17.037500,11.920873,0.000000,0.000000,0.000000,0.200000,0.000000,0.000000
17.050000,11.894981,0.000000,0.000000,0.000000,0.200000,0.000000,0.000000
17.062500,11.869339,0.000000,0.000000,0.000000,0.200000,0.000000,0.000000
17.075000,11.843951,0.000000,0.000000,0.000000,0.200000,0.000000,0.000000
17.087500,11.818821,0.000000,0.000000,0.000000,0.200000,0.000000,0.000000
17.100000,11.793955,0.000000,0.000000,0.000000,0.200000,0.000000,0.000000
17.112500,11.769355,0.000000,0.000000,0.000000,0.200000,0.000000,0.000000
17.125000,11.745026,0.000000,0.000000,0.000000,0.200000,0.000000,0.000000
17.137500,11.720972,0.000000,0.000000,0.000000,0.200000,0.000000,0.000000
17.150000,11.697197,0.000000,0.000000,0.000000,0.200000,0.000000,0.000000
17.162500,11.673705,0.000000,0.000000,0.000000,0.200000,0.000000,0.000000
17.175000,11.650500,0.000000,0.000000,0.000000,0.200000,0.000000,0.000000
17.187500,11.627585,0.000000,0.000000,0.000000,0.200000,0.000000,0.000000
17.200000,11.604963,0.000000,0.000000,0.000000,0.200000,0.000000,0.000000
17.212500,11.582639,0.000000,0.000000,0.000000,0.200000,0.000000,0.000000
17.225000,11.560615,0.000000,0.000000,0.000000,0.200000,0.000000,0.000000
17.237500,11.538895,0.000000,0.000000,0.000000,0.200000,0.000000,0.000000
17.250000,11.517482,0.000000,0.000000,0.000000,0.200000,0.000000,0.000000
17.262500,11.496378,0.000000,0.000000,0.000000,0.200000,0.000000,0.000000
17.275000,11.475588,0.000000,0.000000,0.000000,0.200000,0.000000,0.000000
17.287500,11.455113,0.000000,0.000000,0.000000,0.200000,0.000000,0.000000
17.300000,11.434956,0.000000,0.000000,0.000000,0.200000,0.000000,0.000000
17.312500,11.415120,0.000000,0.000000,0.000000,0.200000,0.000000,0.000000
17.325000,11.395608,0.000000,0.000000,0.000000,0.200000,0.000000,0.000000
17.337500,11.376422,0.000000,0.000000,0.000000,0.200000,0.000000,0.000000
17.350000,11.357564,0.000000,0.000000,0.000000,0.200000,0.000000,0.000000
17.362500,11.339037,0.000000,0.000000,0.000000,0.200000,0.000000,0.000000
17.375000,11.320842,0.000000,0.000000,0.000000,0.200000,0.000000,0.000000
17.387500,11.302982,0.000000,0.000000,0.000000,0.200000,0.000000,0.000000
17.400000,11.285458,0.000000,0.000000,0.000000,0.200000,0.000000,0.000000
17.412500,11.268273,0.000000,0.000000,0.000000,0.200000,0.000000,0.000000
17.425000,11.251427,0.000000,0.000000,0.000000,0.200000,0.000000,0.000000
17.437500,11.234923,0.000000,0.000000,0.000000,0.200000,0.000000,0.000000
17.450000,11.218762,0.000000,0.000000,0.000000,0.200000,0.000000,0.000000
17.462500,11.202946,0.000000,0.000000,0.000000,0.200000,0.000000,0.000000
17.475000,11.187475,0.000000,0.000000,0.000000,0.200000,0.000000,0.000000
17.487500,11.172351,0.000000,0.000000,0.000000,0.200000,0.000000,0.000000
17.500000,11.157574,0.000000,0.000000,0.000000,0.200000,0.000000,0.000000
17.512500,11.143147,0.000000,0.000000,0.000000,0.200000,0.000000,0.000000
17.525000,11.129069,0.000000,0.000000,0.000000,0.200000,0.000000,0.000000
17.537500,11.115341,0.000000,0.000000,0.000000,0.200000,0.000000,0.000000
17.550000,11.101965,0.000000,0.000000,0.000000,0.200000,0.000000,0.000000
17.562500,11.088939,0.000000,0.000000,0.000000,0.200000,0.000000,0.000000
17.575000,11.076266,0.000000,0.000000,0.000000,0.200000,0.000000,0.000000
17.587500,11.063945,0.000000,0.000000,0.000000,0.200000,0.000000,0.000000
17.600000,11.051977,0.000000,0.000000,0.000000,0.200000,0.000000,0.000000
17.612500,11.040361,0.000000,0.000000,0.000000,0.200000,0.000000,0.000000
17.625000,11.029097,0.000000,0.000000,0.000000,0.200000,0.000000,0.000000
17.637500,11.018186,0.000000,0.000000,0.000000,0.200000,0.000000,0.000000
17.650000,11.007628,0.000000,0.000000,0.000000,0.200000,0.000000,0.000000
17.662500,10.997421,0.000000,0.000000,0.000000,0.200000,0.000000,0.000000
17.675000,10.987566,0.000000,0.000000,0.000000,0.200000,0.000000,0.000000
17.687500,10.978061,0.000000,0.000000,0.000000,0.200000,0.000000,0.000000
17.700000,10.968908,0.000000,0.000000,0.000000,0.200000,0.000000,0.000000
17.712500,10.960104,0.000000,0.000000,0.000000,0.200000,0.000000,0.000000
17.725000,10.951649,0.000000,0.000000,0.000000,0.200000,0.000000,0.000000
17.737500,10.943542,0.000000,0.000000,0.000000,0.200000,0.000000,0.000000
17.750000,10.935782,0.000000,0.000000,0.000000,0.200000,0.000000,0.000000
17.762500,10.928368,0.000000,0.000000,0.000000,0.200000,0.000000,0.000000
17.775000,10.921299,0.000000,0.000000,0.000000,0.200000,0.000000,0.000000
17.787500,10.914573,0.000000,0.000000,0.000000,0.200000,0.000000,0.000000
17.800000,10.908189,0.000000,0.000000,0.000000,0.200000,0.000000,0.000000
17.812500,10.902146,0.000000,0.000000,0.000000,0.200000,0.000000,0.000000
17.825000,10.896442,0.000000,0.000000,0.000000,0.200000,0.000000,0.000000
17.837500,10.891075,0.000000,0.000000,0.000000,0.200000,0.000000,0.000000
17.850000,10.886044,0.000000,0.000000,0.000000,0.200000,0.000000,0.000000
17.862500,10.881347,0.000000,0.000000,0.000000,0.200000,0.000000,0.000000
17.875000,10.876981,0.000000,0.000000,0.000000,0.200000,0.000000,0.000000
17.887500,10.872946,0.000000,0.000000,0.000000,0.200000,0.000000,0.000000
17.900000,10.869238,0.000000,0.000000,0.000000,0.200000,0.000000,0.000000
17.912500,10.865856,0.000000,0.000000,0.000000,0.200000,0.000000,0.000000
17.925000,10.862797,0.000000,0.000000,0.000000,0.200000,0.000000,0.000000
17.937500,10.860059,0.000000,0.000000,0.000000,0.200000,0.000000,0.000000
17.950000,10.857640,0.000000,0.000000,0.000000,0.200000,0.000000,0.000000
17.962500,10.855537,0.000000,0.000000,0.000000,0.200000,0.000000,0.000000
17.975000,10.853747,0.000000,0.000000,0.000000,0.200000,0.000000,0.000000
17.987500,10.852268,0.000000,0.000000,0.000000,0.200000,0.000000,0.000000
18.000000,10.851097,0.000000,0.000000,0.000000,0.200000,0.000000,0.000000
18.012500,10.850231,0.000000,0.000000,0.000000,0.200000,0.000000,0.000000
18.025000,10.849667,0.000000,0.000000,0.000000,0.200000,0.000000,0.000000
18.037500,10.849403,0.000000,0.000000,0.000000,0.200000,0.000000,0.000000
18.050000,10.849435,0.000000,0.000000,0.000000,0.200000,0.000000,0.000000
18.062500,10.849760,0.000000,0.000000,0.000000,0.200000,0.000000,0.000000
18.075000,10.850375,0.000000,0.000000,0.000000,0.200000,0.000000,0.000000
18.087500,10.851276,0.000000,0.000000,0.000000,0.200000,0.000000,0.000000
18.100000,10.852461,0.000000,0.000000,0.000000,0.200000,0.000000,0.000000
18.112500,10.853927,0.000000,0.000000,0.000000,0.200000,0.000000,0.000000
18.125000,10.855668,0.000000,0.000000,0.000000,0.200000,0.000000,0.000000
18.137500,10.857683,0.000000,0.000000,0.000000,0.200000,0.000000,0.000000
18.150000,10.859968,0.000000,0.000000,0.000000,0.200000,0.000000,0.000000
18.162500,10.862518,0.000000,0.000000,0.000000,0.200000,0.000000,0.000000
18.175000,10.865330,0.000000,0.000000,0.000000,0.200000,0.000000,0.000000
18.187500,10.868401,0.000000,0.000000,0.000000,0.200000,0.000000,0.000000
18.200000,10.871727,0.000000,0.000000,0.000000,0.200000,0.000000,0.000000
18.212500,10.875304,0.000000,0.000000,0.000000,0.200000,0.000000,0.000000
18.225000,10.879127,0.000000,0.000000,0.000000,0.200000,0.000000,0.000000
18.237500,10.883194,0.000000,0.000000,0.000000,0.200000,0.000000,0.000000
18.250000,10.887499,0.000000,0.000000,0.000000,0.200000,0.000000,0.000000
18.262500,10.892040,0.000000,0.000000,0.000000,0.200000,0.000000,0.000000
18.275000,10.896811,0.000000,0.000000,0.000000,0.200000,0.000000,0.000000
18.287500,10.901809,0.000000,0.000000,0.000000,0.200000,0.000000,0.000000
18.300000,10.907030,0.000000,0.000000,0.000000,0.200000,0.000000,0.000000
18.312500,10.912469,0.000000,0.000000,0.000000,0.200000,0.000000,0.000000
18.325000,10.918123,0.000000,0.000000,0.000000,0.200000,0.000000,0.000000
18.337500,10.923986,0.000000,0.000000,0.000000,0.200000,0.000000,0.000000
18.350000,10.930055,0.000000,0.000000,0.000000,0.200000,0.000000,0.000000
18.362500,10.936326,0.000000,0.000000,0.000000,0.200000,0.000000,0.000000
18.375000,10.942793,0.000000,0.000000,0.000000,0.200000,0.000000,0.000000
18.387500,10.949452,0.000000,0.000000,0.000000,0.200000,0.000000,0.000000
18.400000,10.956300,0.000000,0.000000,0.000000,0.200000,0.000000,0.000000
18.412500,10.963332,0.000000,0.000000,0.000000,0.200000,0.000000,0.000000
18.425000,10.970542,0.000000,0.000000,0.000000,0.200000,0.000000,0.000000
18.437500,10.977927,0.000000,0.000000,0.000000,0.200000,0.000000,0.000000
18.450000,10.985483,0.000000,0.000000,0.000000,0.200000,0.000000,0.000000
18.462500,10.993203,0.000000,0.000000,0.000000,0.200000,0.000000,0.000000
18.475000,11.001085,0.000000,0.000000,0.000000,0.200000,0.000000,0.000000
18.487500,11.009124,0.000000,0.000000,0.000000,0.200000,0.000000,0.000000
18.500000,11.017314,0.000000,0.000000,0.000000,0.200000,0.000000,0.000000
18.512500,11.025651,0.000000,0.000000,0.000000,0.200000,0.000000,0.000000
18.525000,11.034131,0.000000,0.000000,0.000000,0.200000,0.000000,0.000000
18.537500,11.042750,0.000000,0.000000,0.000000,0.200000,0.000000,0.000000
18.550000,11.051501,0.000000,0.000000,0.000000,0.200000,0.000000,0.000000
18.562500,11.060382,0.000000,0.000000,0.000000,0.200000,0.000000,0.000000
18.575000,11.069386,0.000000,0.000000,0.000000,0.200000,0.000000,0.000000
18.587500,11.078511,0.000000,0.000000,0.000000,0.200000,0.000000,0.000000
18.600000,11.087750,0.000000,0.000000,0.000000,0.200000,0.000000,0.000000
18.612500,11.097099,0.000000,0.000000,0.000000,0.200000,0.000000,0.000000
18.625000,11.106554,0.000000,0.000000,0.000000,0.200000,0.000000,0.000000
18.637500,11.116110,0.000000,0.000000,0.000000,0.200000,0.000000,0.000000
18.650000,11.125763,0.000000,0.000000,0.000000,0.200000,0.000000,0.000000
18.662500,11.135507,0.000000,0.000000,0.000000,0.200000,0.000000,0.000000
18.675000,11.145339,0.000000,0.000000,0.000000,0.200000,0.000000,0.000000
18.687500,11.155253,0.000000,0.000000,0.000000,0.200000,0.000000,0.000000
18.700000,11.165246,0.000000,0.000000,0.000000,0.200000,0.000000,0.000000
18.712500,11.175312,0.000000,0.000000,0.000000,0.200000,0.000000,0.000000
18.725000,11.185447,0.000000,0.000000,0.000000,0.200000,0.000000,0.000000
18.737500,11.195646,0.000000,0.000000,0.000000,0.200000,0.000000,0.000000
18.750000,11.205906,0.000000,0.000000,0.000000,0.200000,0.000000,0.000000
18.762500,11.216221,0.000000,0.000000,0.000000,0.200000,0.000000,0.000000
18.775000,11.226587,0.000000,0.000000,0.000000,0.200000,0.000000,0.000000
18.787500,11.237000,0.000000,0.000000,0.000000,0.200000,0.000000,0.000000
18.800000,11.247455,0.000000,0.000000,0.000000,0.200000,0.000000,0.000000
18.812500,11.257948,0.000000,0.000000,0.000000,0.200000,0.000000,0.000000
18.825000,11.268475,0.000000,0.000000,0.000000,0.200000,0.000000,0.000000
18.837500,11.279031,0.000000,0.000000,0.000000,0.200000,0.000000,0.000000
18.850000,11.289611,0.000000,0.000000,0.000000,0.200000,0.000000,0.000000
18.862500,11.300213,0.000000,0.000000,0.000000,0.200000,0.000000,0.000000
18.875000,11.310831,0.000000,0.000000,0.000000,0.200000,0.000000,0.000000
18.887500,11.321461,0.000000,0.000000,0.000000,0.200000,0.000000,0.000000
18.900000,11.332100,0.000000,0.000000,0.000000,0.200000,0.000000,0.000000
18.912500,11.342743,0.000000,0.000000,0.000000,0.200000,0.000000,0.000000
18.925000,11.353386,0.000000,0.000000,0.000000,0.200000,0.000000,0.000000
18.937500,11.364025,0.000000,0.000000,0.000000,0.200000,0.000000,0.000000
18.950000,11.374656,0.000000,0.000000,0.000000,0.200000,0.000000,0.000000
18.962500,11.385275,0.000000,0.000000,0.000000,0.200000,0.000000,0.000000
18.975000,11.395878,0.000000,0.000000,0.000000,0.200000,0.000000,0.000000
18.987500,11.406463,0.000000,0.000000,0.000000,0.200000,0.000000,0.000000
19.000000,11.417023,0.000000,0.000000,0.000000,0.200000,0.000000,0.000000
19.012500,11.427557,0.000000,0.000000,0.000000,0.200000,0.000000,0.000000
19.025000,11.438060,0.000000,0.000000,0.000000,0.200000,0.000000,0.000000
19.037500,11.448529,0.000000,0.000000,0.000000,0.200000,0.000000,0.000000
19.050000,11.458960,0.000000,0.000000,0.000000,0.200000,0.000000,0.000000
19.062500,11.469350,0.000000,0.000000,0.000000,0.200000,0.000000,0.000000
19.075000,11.479695,0.000000,0.000000,0.000000,0.200000,0.000000,0.000000
19.087500,11.489991,0.000000,0.000000,0.000000,0.200000,0.000000,0.000000
19.100000,11.500236,0.000000,0.000000,0.000000,0.200000,0.000000,0.000000
19.112500,11.510426,0.000000,0.000000,0.000000,0.200000,0.000000,0.000000
19.125000,11.520558,0.000000,0.000000,0.000000,0.200000,0.000000,0.000000
19.137500,11.530629,0.000000,0.000000,0.000000,0.200000,0.000000,0.000000
19.150000,11.540636,0.000000,0.000000,0.000000,0.200000,0.000000,0.000000
19.162500,11.550575,0.000000,0.000000,0.000000,0.200000,0.000000,0.000000
19.175000,11.560444,0.000000,0.000000,0.000000,0.200000,0.000000,0.000000
19.187500,11.570239,0.000000,0.000000,0.000000,0.200000,0.000000,0.000000
19.200000,11.579959,0.000000,0.000000,0.000000,0.200000,0.000000,0.000000
19.212500,11.589600,0.000000,0.000000,0.000000,0.200000,0.000000,0.000000
19.225000,11.599159,0.000000,0.000000,0.000000,0.200000,0.000000,0.000000
19.237500,11.608634,0.000000,0.000000,0.000000,0.200000,0.000000,0.000000
19.250000,11.618022,0.000000,0.000000,0.000000,0.200000,0.000000,0.000000
19.262500,11.627321,0.000000,0.000000,0.000000,0.200000,0.000000,0.000000
19.275000,11.636528,0.000000,0.000000,0.000000,0.200000,0.000000,0.000000
19.287500,11.645641,0.000000,0.000000,0.000000,0.200000,0.000000,0.000000
19.300000,11.654658,0.000000,0.000000,0.000000,0.200000,0.000000,0.000000
19.312500,11.663576,0.000000,0.000000,0.000000,0.200000,0.000000,0.000000
19.325000,11.672394,0.000000,0.000000,0.000000,0.200000,0.000000,0.000000
19.337500,11.681108,0.000000,0.000000,0.000000,0.200000,0.000000,0.000000
19.350000,11.689718,0.000000,0.000000,0.000000,0.200000,0.000000,0.000000
19.362500,11.698222,0.000000,0.000000,0.000000,0.200000,0.000000,0.000000
19.375000,11.706616,0.000000,0.000000,0.000000,0.200000,0.000000,0.000000
19.387500,11.714901,0.000000,0.000000,0.000000,0.200000,0.000000,0.000000
19.400000,11.723073,0.000000,0.000000,0.000000,0.200000,0.000000,0.000000
19.412500,11.731132,0.000000,0.000000,0.000000,0.200000,0.000000,0.000000
19.425000,11.739076,0.000000,0.000000,0.000000,0.200000,0.000000,0.000000
19.437500,11.746903,0.000000,0.000000,0.000000,0.200000,0.000000,0.000000
19.450000,11.754611,0.000000,0.000000,0.000000,0.200000,0.000000,0.000000
19.462500,11.762201,0.000000,0.000000,0.000000,0.200000,0.000000,0.000000
19.475000,11.769670,0.000000,0.000000,0.000000,0.200000,0.000000,0.000000
19.487500,11.777017,0.000000,0.000000,0.000000,0.200000,0.000000,0.000000
19.500000,11.784241,0.000000,0.000000,0.000000,0.200000,0.000000,0.000000
19.512500,11.791342,0.000000,0.000000,0.000000,0.200000,0.000000,0.000000
19.525000,11.798318,0.000000,0.000000,0.000000,0.200000,0.000000,0.000000
19.537500,11.805168,0.000000,0.000000,0.000000,0.200000,0.000000,0.000000
19.550000,11.811891,0.000000,0.000000,0.000000,0.200000,0.000000,0.000000
19.562500,11.818488,0.000000,0.000000,0.000000,0.200000,0.000000,0.000000
19.575000,11.824956,0.000000,0.000000,0.000000,0.200000,0.000000,0.000000
19.587500,11.831297,0.000000,0.000000,0.000000,0.200000,0.000000,0.000000
19.600000,11.837509,0.000000,0.000000,0.000000,0.200000,0.000000,0.000000
19.612500,11.843591,0.000000,0.000000,0.000000,0.200000,0.000000,0.000000
19.625000,11.849544,0.000000,0.000000,0.000000,0.200000,0.000000,0.000000
19.637500,11.855367,0.000000,0.000000,0.000000,0.200000,0.000000,0.000000
19.650000,11.861061,0.000000,0.000000,0.000000,0.200000,0.000000,0.000000
19.662500,11.866624,0.000000,0.000000,0.000000,0.200000,0.000000,0.000000
19.675000,11.872058,0.000000,0.000000,0.000000,0.200000,0.000000,0.000000
19.687500,11.877361,0.000000,0.000000,0.000000,0.200000,0.000000,0.000000
19.700000,11.882535,0.000000,0.000000,0.000000,0.200000,0.000000,0.000000
19.712500,11.887579,0.000000,0.000000,0.000000,0.200000,0.000000,0.000000
19.725000,11.892494,0.000000,0.000000,0.000000,0.200000,0.000000,0.000000
19.737500,11.897280,0.000000,0.000000,0.000000,0.200000,0.000000,0.000000
19.750000,11.901937,0.000000,0.000000,0.000000,0.200000,0.000000,0.000000
19.762500,11.906467,0.000000,0.000000,0.000000,0.200000,0.000000,0.000000
19.775000,11.910869,0.000000,0.000000,0.000000,0.200000,0.000000,0.000000
19.787500,11.915144,0.000000,0.000000,0.000000,0.200000,0.000000,0.000000
19.800000,11.919294,0.000000,0.000000,0.000000,0.200000,0.000000,0.000000
19.812500,11.923317,0.000000,0.000000,0.000000,0.200000,0.000000,0.000000
19.825000,11.927217,0.000000,0.000000,0.000000,0.200000,0.000000,0.000000
19.837500,11.930993,0.000000,0.000000,0.000000,0.200000,0.000000,0.000000
19.850000,11.934647,0.000000,0.000000,0.000000,0.200000,0.000000,0.000000
19.862500,11.938179,0.000000,0.000000,0.000000,0.200000,0.000000,0.000000
19.875000,11.941591,0.000000,0.000000,0.000000,0.200000,0.000000,0.000000
19.887500,11.944883,0.000000,0.000000,0.000000,0.200000,0.000000,0.000000
19.900000,11.948058,0.000000,0.000000,0.000000,0.200000,0.000000,0.000000
19.912500,11.951116,0.000000,0.000000,0.000000,0.200000,0.000000,0.000000
19.925000,11.954060,0.000000,0.000000,0.000000,0.200000,0.000000,0.000000
19.937500,11.956889,0.000000,0.000000,0.000000,0.200000,0.000000,0.000000
19.950000,11.959606,0.000000,0.000000,0.000000,0.200000,0.000000,0.000000
19.962500,11.962213,0.000000,0.000000,0.000000,0.200000,0.000000,0.000000
19.975000,11.964711,0.000000,0.000000,0.000000,0.200000,0.000000,0.000000
19.987500,11.967101,0.000000,0.000000,0.000000,0.200000,0.000000,0.000000
20.000000,11.969386,0.000000,0.000000,0.000000,0.200000,0.000000,0.000000
20.012500,11.971567,0.000000,0.000000,0.000000,0.200000,0.000000,0.000000
20.025000,11.973646,0.000000,0.000000,0.000000,0.200000,0.000000,0.000000
20.037500,11.975625,0.000000,0.000000,0.000000,0.200000,0.000000,0.000000
20.050000,11.977506,0.000000,0.000000,0.000000,0.200000,0.000000,0.000000
20.062500,11.979291,0.000000,0.000000,0.000000,0.200000,0.000000,0.000000
20.075000,11.980982,0.000000,0.000000,0.000000,0.200000,0.000000,0.000000
20.087500,11.982581,0.000000,0.000000,0.000000,0.200000,0.000000,0.000000
20.100000,11.984090,0.000000,0.000000,0.000000,0.200000,0.000000,0.000000
20.112500,11.985512,0.000000,0.000000,0.000000,0.200000,0.000000,0.000000
20.125000,11.986849,0.000000,0.000000,0.000000,0.200000,0.000000,0.000000
20.137500,11.988102,0.000000,0.000000,0.000000,0.200000,0.000000,0.000000
20.150000,11.989275,0.000000,0.000000,0.000000,0.200000,0.000000,0.000000
20.162500,11.990370,0.000000,0.000000,0.000000,0.200000,0.000000,0.000000
20.175000,11.991389,0.000000,0.000000,0.000000,0.200000,0.000000,0.000000
20.187500,11.992335,0.000000,0.000000,0.000000,0.200000,0.000000,0.000000
20.200000,11.993210,0.000000,0.000000,0.000000,0.200000,0.000000,0.000000
20.212500,11.994017,0.000000,0.000000,0.000000,0.200000,0.000000,0.000000
20.225000,11.994758,0.000000,0.000000,0.000000,0.200000,0.000000,0.000000
20.237500,11.995435,0.000000,0.000000,0.000000,0.200000,0.000000,0.000000
20.250000,11.996053,0.000000,0.000000,0.000000,0.200000,0.000000,0.000000
20.262500,11.996612,0.000000,0.000000,0.000000,0.200000,0.000000,0.000000
20.275000,11.997117,0.000000,0.000000,0.000000,0.200000,0.000000,0.000000
20.287500,11.997569,0.000000,0.000000,0.000000,0.200000,0.000000,0.000000
20.300000,11.997972,0.000000,0.000000,0.000000,0.200000,0.000000,0.000000
20.312500,11.998327,0.000000,0.000000,0.000000,0.200000,0.000000,0.000000
20.325000,11.998639,0.000000,0.000000,0.000000,0.200000,0.000000,0.000000
20.337500,11.998910,0.000000,0.000000,0.000000,0.200000,0.000000,0.000000
20.350000,11.999142,0.000000,0.000000,0.000000,0.200000,0.000000,0.000000
20.362500,11.999339,0.000000,0.000000,0.000000,0.200000,0.000000,0.000000
20.375000,11.999503,0.000000,0.000000,0.000000,0.200000,0.000000,0.000000
20.387500,11.999637,0.000000,0.000000,0.000000,0.200000,0.000000,0.000000
20.400000,11.999745,0.000000,0.000000,0.000000,0.200000,0.000000,0.000000
20.412500,11.999829,0.000000,0.000000,0.000000,0.200000,0.000000,0.000000
20.425000,11.999892,0.000000,0.000000,0.000000,0.200000,0.000000,0.000000
20.437500,11.999938,0.000000,0.000000,0.000000,0.200000,0.000000,0.000000
20.450000,11.999968,0.000000,0.000000,0.000000,0.200000,0.000000,0.000000
20.462500,11.999987,0.000000,0.000000,0.000000,0.200000,0.000000,0.000000
20.475000,11.999996,0.000000,0.000000,0.000000,0.200000,0.000000,0.000000
20.487500,12.000000,0.000000,0.000000,0.000000,0.200000,0.000000,0.000000
20.500000,12.000000,0.000000,0.000000,0.000000,0.200000,0.000000,0.000000
20.512500,12.000000,0.000000,0.000000,0.000000,0.200000,0.000000,0.000000
20.525000,12.000000,0.000000,0.000000,0.000000,0.200000,0.000000,0.000000
20.537500,12.000000,0.000000,0.000000,0.000000,0.200000,0.000000,0.000000
20.550000,12.000000,0.000000,0.000000,0.000000,0.200000,0.000000,0.000000
20.562500,12.000000,0.000000,0.000000,0.000000,0.200000,0.000000,0.000000
20.575000,12.000000,0.000000,0.000000,0.000000,0.200000,0.000000,0.000000
20.587500,12.000000,0.000000,0.000000,0.000000,0.200000,0.000000,0.000000
20.600000,12.000000,0.000000,0.000000,0.000000,0.200000,0.000000,0.000000
20.612500,12.000000,0.000000,0.000000,0.000000,0.200000,0.000000,0.000000
20.625000,12.000000,0.000000,0.000000,0.000000,0.200000,0.000000,0.000000
20.637500,12.000000,0.000000,0.000000,0.000000,0.200000,0.000000,0.000000
20.650000,12.000000,0.000000,0.000000,0.000000,0.200000,0.000000,0.000000
20.662500,12.000000,0.000000,0.000000,0.000000,0.200000,0.000000,0.000000
20.675000,12.000000,0.000000,0.000000,0.000000,0.200000,0.000000,0.000000
20.687500,12.000000,0.000000,0.000000,0.000000,0.200000,0.000000,0.000000
20.700000,12.000000,0.000000,0.000000,0.000000,0.200000,0.000000,0.000000
20.712500,12.000000,0.000000,0.000000,0.000000,0.200000,0.000000,0.000000
20.725000,12.000000,0.000000,0.000000,0.000000,0.200000,0.000000,0.000000
20.737500,12.000000,0.000000,0.000000,0.000000,0.200000,0.000000,0.000000
20.750000,12.000000,0.000000,0.000000,0.000000,0.200000,0.000000,0.000000
20.762500,12.000000,0.000000,0.000000,0.000000,0.200000,0.000000,0.000000
20.775000,12.000000,0.000000,0.000000,0.000000,0.200000,0.000000,0.000000
20.787500,12.000000,0.000000,0.000000,0.000000,0.200000,0.000000,0.000000
20.800000,12.000000,0.000000,0.000000,0.000000,0.200000,0.000000,0.000000
20.812500,12.000000,0.000000,0.000000,0.000000,0.200000,0.000000,0.000000
20.825000,12.000000,0.000000,0.000000,0.000000,0.200000,0.000000,0.000000
20.837500,12.000000,0.000000,0.000000,0.000000,0.200000,0.000000,0.000000
20.850000,12.000000,0.000000,0.000000,0.000000,0.200000,0.000000,0.000000
20.862500,12.000000,0.000000,0.000000,0.000000,0.200000,0.000000,0.000000
20.875000,12.000000,0.000000,0.000000,0.000000,0.200000,0.000000,0.000000
20.887500,12.000000,0.000000,0.000000,0.000000,0.200000,0.000000,0.000000
20.900000,12.000000,0.000000,0.000000,0.000000,0.200000,0.000000,0.000000
20.912500,12.000000,0.000000,0.000000,0.000000,0.200000,0.000000,0.000000
20.925000,12.000000,0.000000,0.000000,0.000000,0.200000,0.000000,0.000000
20.937500,12.000000,0.000000,0.000000,0.000000,0.200000,0.000000,0.000000
20.950000,12.000000,0.000000,0.000000,0.000000,0.200000,0.000000,0.000000
20.962500,12.000000,0.000000,0.000000,0.000000,0.200000,0.000000,0.000000
20.975000,12.000000,0.000000,0.000000,0.000000,0.200000,0.000000,0.000000
20.987500,12.000000,0.000000,0.000000,0.000000,0.200000,0.000000,0.000000
21.000000,12.000000,0.000000,0.000000,0.000000,0.200000,0.000000,0.000000
21.012500,12.000000,0.000000,0.000000,0.000000,0.200000,0.000000,0.000000
21.025000,12.000000,0.000000,0.000000,0.000000,0.200000,0.000000,0.000000
21.037500,12.000000,0.000000,0.000000,0.000000,0.200000,0.000000,0.000000
21.050000,12.000000,0.000000,0.000000,0.000000,0.200000,0.000000,0.000000
21.062500,12.000000,0.000000,0.000000,0.000000,0.200000,0.000000,0.000000
21.075000,12.000000,0.000000,0.000000,0.000000,0.200000,0.000000,0.000000
21.087500,12.000000,0.000000,0.000000,0.000000,0.200000,0.000000,0.000000
21.100000,12.000000,0.000000,0.000000,0.000000,0.200000,0.000000,0.000000
21.112500,12.000000,0.000000,0.000000,0.000000,0.200000,0.000000,0.000000
21.125000,12.000000,0.000000,0.000000,0.000000,0.200000,0.000000,0.000000
21.137500,12.000000,0.000000,0.000000,0.000000,0.200000,0.000000,0.000000
21.150000,12.000000,0.000000,0.000000,0.000000,0.200000,0.000000,0.000000
21.162500,12.000000,0.000000,0.000000,0.000000,0.200000,0.000000,0.000000
21.175000,12.000000,0.000000,0.000000,0.000000,0.200000,0.000000,0.000000
21.187500,12.000000,0.000000,0.000000,0.000000,0.200000,0.000000,0.000000
21.200000,12.000000,0.000000,0.000000,0.000000,0.200000,0.000000,0.000000
21.212500,12.000000,0.000000,0.000000,0.000000,0.200000,0.000000,0.000000
21.225000,12.000000,0.000000,0.000000,0.000000,0.200000,0.000000,0.000000
21.237500,12.000000,0.000000,0.000000,0.000000,0.200000,0.000000,0.000000
21.250000,12.000000,0.000000,0.000000,0.000000,0.200000,0.000000,0.000000
21.262500,12.000000,0.000000,0.000000,0.000000,0.200000,0.000000,0.000000
21.275000,12.000000,0.000000,0.000000,0.000000,0.200000,0.000000,0.000000
21.287500,12.000000,0.000000,0.000000,0.000000,0.200000,0.000000,0.000000
21.300000,12.000000,0.000000,0.000000,0.000000,0.200000,0.000000,0.000000
21.312500,12.000000,0.000000,0.000000,0.000000,0.200000,0.000000,0.000000
21.325000,12.000000,0.000000,0.000000,0.000000,0.200000,0.000000,0.000000
21.337500,12.000000,0.000000,0.000000,0.000000,0.200000,0.000000,0.000000
21.350000,12.000000,0.000000,0.000000,0.000000,0.200000,0.000000,0.000000
21.362500,12.000000,0.000000,0.000000,0.000000,0.200000,0.000000,0.000000
21.375000,12.000000,0.000000,0.000000,0.000000,0.200000,0.000000,0.000000
21.387500,12.000000,0.000000,0.000000,0.000000,0.200000,0.000000,0.000000
21.400000,12.000000,0.000000,0.000000,0.000000,0.200000,0.000000,0.000000
21.412500,12.000000,0.000000,0.000000,0.000000,0.200000,0.000000,0.000000
21.425000,12.000000,0.000000,0.000000,0.000000,0.200000,0.000000,0.000000
21.437500,12.000000,0.000000,0.000000,0.000000,0.200000,0.000000,0.000000
21.450000,12.000000,0.000000,0.000000,0.000000,0.200000,0.000000,0.000000
21.462500,12.000000,0.000000,0.000000,0.000000,0.200000,0.000000,0.000000
21.475000,12.000000,0.000000,0.000000,0.000000,0.200000,0.000000,0.000000
21.487500,12.000000,0.000000,0.000000,0.000000,0.200000,0.000000,0.000000
21.500000,12.000000,0.000000,0.000000,0.000000,0.200000,0.000000,0.000000
21.512500,12.000000,0.000000,0.000000,0.000000,0.200000,0.000000,0.000000
21.525000,12.000000,0.000000,0.000000,0.000000,0.200000,0.000000,0.000000
21.537500,12.000000,0.000000,0.000000,0.000000,0.200000,0.000000,0.000000
21.550000,12.000000,0.000000,0.000000,0.000000,0.200000,0.000000,0.000000
21.562500,12.000000,0.000000,0.000000,0.000000,0.200000,0.000000,0.000000
21.575000,12.000000,0.000000,0.000000,0.000000,0.200000,0.000000,0.000000
21.587500,12.000000,0.000000,0.000000,0.000000,0.200000,0.000000,0.000000
21.600000,12.000000,0.000000,0.000000,0.000000,0.200000,0.000000,0.000000
21.612500,12.000000,0.000000,0.000000,0.000000,0.200000,0.000000,0.000000
21.625000,12.000000,0.000000,0.000000,0.000000,0.200000,0.000000,0.000000
21.637500,12.000000,0.000000,0.000000,0.000000,0.200000,0.000000,0.000000
21.650000,12.000000,0.000000,0.000000,0.000000,0.200000,0.000000,0.000000
21.662500,12.000000,0.000000,0.000000,0.000000,0.200000,0.000000,0.000000
21.675000,12.000000,0.000000,0.000000,0.000000,0.200000,0.000000,0.000000
21.687500,12.000000,0.000000,0.000000,0.000000,0.200000,0.000000,0.000000
21.700000,12.000000,0.000000,0.000000,0.000000,0.200000,0.000000,0.000000
21.712500,12.000000,0.000000,0.000000,0.000000,0.200000,0.000000,0.000000
21.725000,12.000000,0.000000,0.000000,0.000000,0.200000,0.000000,0.000000
21.737500,12.000000,0.000000,0.000000,0.000000,0.200000,0.000000,0.000000
21.750000,12.000000,0.000000,0.000000,0.000000,0.200000,0.000000,0.000000
21.762500,12.000000,0.000000,0.000000,0.000000,0.200000,0.000000,0.000000
21.775000,12.000000,0.000000,0.000000,0.000000,0.200000,0.000000,0.000000
21.787500,12.000000,0.000000,0.000000,0.000000,0.200000,0.000000,0.000000
21.800000,12.000000,0.000000,0.000000,0.000000,0.200000,0.000000,0.000000
21.812500,12.000000,0.000000,0.000000,0.000000,0.200000,0.000000,0.000000
21.825000,12.000000,0.000000,0.000000,0.000000,0.200000,0.000000,0.000000
21.837500,12.000000,0.000000,0.000000,0.000000,0.200000,0.000000,0.000000
21.850000,12.000000,0.000000,0.000000,0.000000,0.200000,0.000000,0.000000
21.862500,12.000000,0.000000,0.000000,0.000000,0.200000,0.000000,0.000000
21.875000,12.000000,0.000000,0.000000,0.000000,0.200000,0.000000,0.000000
21.887500,12.000000,0.000000,0.000000,0.000000,0.200000,0.000000,0.000000
21.900000,12.000000,0.000000,0.000000,0.000000,0.200000,0.000000,0.000000
21.912500,12.000000,0.000000,0.000000,0.000000,0.200000,0.000000,0.000000
21.925000,12.000000,0.000000,0.000000,0.000000,0.200000,0.000000,0.000000
21.937500,12.000000,0.000000,0.000000,0.000000,0.200000,0.000000,0.000000
21.950000,12.000000,0.000000,0.000000,0.000000,0.200000,0.000000,0.000000
21.962500,12.000000,0.000000,0.000000,0.000000,0.200000,0.000000,0.000000
21.975000,12.000000,0.000000,0.000000,0.000000,0.200000,0.000000,0.000000
21.987500,12.000000,0.000000,0.000000,0.000000,0.200000,0.000000,0.000000
22.000000,12.000000,0.000000,0.000000,0.000000,0.200000,0.000000,0.000000
22.012500,12.000000,0.000000,0.000000,0.000000,0.200000,0.000000,0.000000
22.025000,12.000000,0.000000,0.000000,0.000000,0.200000,0.000000,0.000000
22.037500,12.000000,0.000000,0.000000,0.000000,0.200000,0.000000,0.000000
22.050000,12.000000,0.000000,0.000000,0.000000,0.200000,0.000000,0.000000
22.062500,12.000000,0.000000,0.000000,0.000000,0.200000,0.000000,0.000000
22.075000,12.000000,0.000000,0.000000,0.000000,0.200000,0.000000,0.000000
22.087500,12.000000,0.000000,0.000000,0.000000,0.200000,0.000000,0.000000
22.100000,12.000000,0.000000,0.000000,0.000000,0.200000,0.000000,0.000000
22.112500,12.000000,0.000000,0.000000,0.000000,0.200000,0.000000,0.000000
22.125000,12.000000,0.000000,0.000000,0.000000,0.200000,0.000000,0.000000
22.137500,12.000000,0.000000,0.000000,0.000000,0.200000,0.000000,0.000000
22.150000,12.000000,0.000000,0.000000,0.000000,0.200000,0.000000,0.000000
22.162500,12.000000,0.000000,0.000000,0.000000,0.200000,0.000000,0.000000
22.175000,12.000000,0.000000,0.000000,0.000000,0.200000,0.000000,0.000000
22.187500,12.000000,0.000000,0.000000,0.000000,0.200000,0.000000,0.000000
22.200000,12.000000,0.000000,0.000000,0.000000,0.200000,0.000000,0.000000
22.212500,12.000000,0.000000,0.000000,0.000000,0.200000,0.000000,0.000000
22.225000,12.000000,0.000000,0.000000,0.000000,0.200000,0.000000,0.000000
22.237500,12.000000,0.000000,0.000000,0.000000,0.200000,0.000000,0.000000
22.250000,12.000000,0.000000,0.000000,0.000000,0.200000,0.000000,0.000000
22.262500,12.000000,0.000000,0.000000,0.000000,0.200000,0.000000,0.000000
22.275000,12.000000,0.000000,0.000000,0.000000,0.200000,0.000000,0.000000
22.287500,12.000000,0.000000,0.000000,0.000000,0.200000,0.000000,0.000000
22.300000,12.000000,0.000000,0.000000,0.000000,0.200000,0.000000,0.000000
22.312500,12.000000,0.000000,0.000000,0.000000,0.200000,0.000000,0.000000
22.325000,12.000000,0.000000,0.000000,0.000000,0.200000,0.000000,0.000000
22.337500,12.000000,0.000000,0.000000,0.000000,0.200000,0.000000,0.000000
22.350000,12.000000,0.000000,0.000000,0.000000,0.200000,0.000000,0.000000
22.362500,12.000000,0.000000,0.000000,0.000000,0.200000,0.000000,0.000000
22.375000,12.000000,0.000000,0.000000,0.000000,0.200000,0.000000,0.000000
22.387500,12.000000,0.000000,0.000000,0.000000,0.200000,0.000000,0.000000
22.400000,12.000000,0.000000,0.000000,0.000000,0.200000,0.000000,0.000000
22.412500,12.000000,0.000000,0.000000,0.000000,0.200000,0.000000,0.000000
22.425000,12.000000,0.000000,0.000000,0.000000,0.200000,0.000000,0.000000
22.437500,12.000000,0.000000,0.000000,0.000000,0.200000,0.000000,0.000000
22.450000,12.000000,0.000000,0.000000,0.000000,0.200000,0.000000,0.000000
22.462500,12.000000,0.000000,0.000000,0.000000,0.200000,0.000000,0.000000
22.475000,12.000000,0.000000,0.000000,0.000000,0.200000,0.000000,0.000000
22.487500,12.000000,0.000000,0.000000,0.000000,0.200000,0.000000,0.000000
22.500000,12.000000,0.000000,0.000000,0.000000,0.200000,0.000000,0.000000
22.512500,12.000000,0.000000,0.000000,0.000000,0.200000,0.000000,0.000000
22.525000,12.000000,0.000000,0.000000,0.000000,0.200000,0.000000,0.000000
22.537500,12.000000,0.000000,0.000000,0.000000,0.200000,0.000000,0.000000
22.550000,12.000000,0.000000,0.000000,0.000000,0.200000,0.000000,0.000000
22.562500,12.000000,0.000000,0.000000,0.000000,0.200000,0.000000,0.000000
22.575000,12.000000,0.000000,0.000000,0.000000,0.200000,0.000000,0.000000
22.587500,12.000000,0.000000,0.000000,0.000000,0.200000,0.000000,0.000000
22.600000,12.000000,0.000000,0.000000,0.000000,0.200000,0.000000,0.000000
22.612500,12.000000,0.000000,0.000000,0.000000,0.200000,0.000000,0.000000
22.625000,12.000000,0.000000,0.000000,0.000000,0.200000,0.000000,0.000000
22.637500,12.000000,0.000000,0.000000,0.000000,0.200000,0.000000,0.000000
22.650000,12.000000,0.000000,0.000000,0.000000,0.200000,0.000000,0.000000
22.662500,12.000000,0.000000,0.000000,0.000000,0.200000,0.000000,0.000000
22.675000,12.000000,0.000000,0.000000,0.000000,0.200000,0.000000,0.000000
22.687500,12.000000,0.000000,0.000000,0.000000,0.200000,0.000000,0.000000
22.700000,12.000000,0.000000,0.000000,0.000000,0.200000,0.000000,0.000000
22.712500,12.000000,0.000000,0.000000,0.000000,0.200000,0.000000,0.000000
22.725000,12.000000,0.000000,0.000000,0.000000,0.200000,0.000000,0.000000
22.737500,12.000000,0.000000,0.000000,0.000000,0.200000,0.000000,0.000000
22.750000,12.000000,0.000000,0.000000,0.000000,0.200000,0.000000,0.000000
22.762500,12.000000,0.000000,0.000000,0.000000,0.200000,0.000000,0.000000
22.775000,12.000000,0.000000,0.000000,0.000000,0.200000,0.000000,0.000000
22.787500,12.000000,0.000000,0.000000,0.000000,0.200000,0.000000,0.000000
22.800000,12.000000,0.000000,0.000000,0.000000,0.200000,0.000000,0.000000
22.812500,12.000000,0.000000,0.000000,0.000000,0.200000,0.000000,0.000000
22.825000,12.000000,0.000000,0.000000,0.000000,0.200000,0.000000,0.000000
22.837500,12.000000,0.000000,0.000000,0.000000,0.200000,0.000000,0.000000
22.850000,12.000000,0.000000,0.000000,0.000000,0.200000,0.000000,0.000000
22.862500,12.000000,0.000000,0.000000,0.000000,0.200000,0.000000,0.000000
22.875000,12.000000,0.000000,0.000000,0.000000,0.200000,0.000000,0.000000
22.887500,12.000000,0.000000,0.000000,0.000000,0.200000,0.000000,0.000000
22.900000,12.000000,0.000000,0.000000,0.000000,0.200000,0.000000,0.000000
22.912500,12.000000,0.000000,0.000000,0.000000,0.200000,0.000000,0.000000
22.925000,12.000000,0.000000,0.000000,0.000000,0.200000,0.000000,0.000000
22.937500,12.000000,0.000000,0.000000,0.000000,0.200000,0.000000,0.000000
22.950000,12.000000,0.000000,0.000000,0.000000,0.200000,0.000000,0.000000
22.962500,12.000000,0.000000,0.000000,0.000000,0.200000,0.000000,0.000000
22.975000,12.000000,0.000000,0.000000,0.000000,0.200000,0.000000,0.000000
22.987500,12.000000,0.000000,0.000000,0.000000,0.200000,0.000000,0.000000
23.000000,12.000000,0.000000,0.000000,0.000000,0.200000,0.000000,0.000000
23.012500,12.000000,0.000000,0.000000,0.000000,0.200000,0.000000,0.000000
23.025000,12.000000,0.000000,0.000000,0.000000,0.200000,0.000000,0.000000
23.037500,12.000000,0.000000,0.000000,0.000000,0.200000,0.000000,0.000000
23.050000,12.000000,0.000000,0.000000,0.000000,0.200000,0.000000,0.000000
23.062500,12.000000,0.000000,0.000000,0.000000,0.200000,0.000000,0.000000
23.075000,12.000000,0.000000,0.000000,0.000000,0.200000,0.000000,0.000000
23.087500,12.000000,0.000000,0.000000,0.000000,0.200000,0.000000,0.000000
23.100000,12.000000,0.000000,0.000000,0.000000,0.200000,0.000000,0.000000
23.112500,12.000000,0.000000,0.000000,0.000000,0.200000,0.000000,0.000000
23.125000,12.000000,0.000000,0.000000,0.000000,0.200000,0.000000,0.000000
23.137500,12.000000,0.000000,0.000000,0.000000,0.200000,0.000000,0.000000
23.150000,12.000000,0.000000,0.000000,0.000000,0.200000,0.000000,0.000000
23.162500,12.000000,0.000000,0.000000,0.000000,0.200000,0.000000,0.000000
23.175000,12.000000,0.000000,0.000000,0.000000,0.200000,0.000000,0.000000
23.187500,12.000000,0.000000,0.000000,0.000000,0.200000,0.000000,0.000000
23.200000,12.000000,0.000000,0.000000,0.000000,0.200000,0.000000,0.000000
23.212500,12.000000,0.000000,0.000000,0.000000,0.200000,0.000000,0.000000
23.225000,12.000000,0.000000,0.000000,0.000000,0.200000,0.000000,0.000000
23.237500,12.000000,0.000000,0.000000,0.000000,0.200000,0.000000,0.000000
23.250000,12.000000,0.000000,0.000000,0.000000,0.200000,0.000000,0.000000
23.262500,12.000000,0.000000,0.000000,0.000000,0.200000,0.000000,0.000000
23.275000,12.000000,0.000000,0.000000,0.000000,0.200000,0.000000,0.000000
23.287500,12.000000,0.000000,0.000000,0.000000,0.200000,0.000000,0.000000
23.300000,12.000000,0.000000,0.000000,0.000000,0.200000,0.000000,0.000000
23.312500,12.000000,0.000000,0.000000,0.000000,0.200000,0.000000,0.000000
23.325000,12.000000,0.000000,0.000000,0.000000,0.200000,0.000000,0.000000
23.337500,12.000000,0.000000,0.000000,0.000000,0.200000,0.000000,0.000000
23.350000,12.000000,0.000000,0.000000,0.000000,0.200000,0.000000,0.000000
23.362500,12.000000,0.000000,0.000000,0.000000,0.200000,0.000000,0.000000
23.375000,12.000000,0.000000,0.000000,0.000000,0.200000,0.000000,0.000000
23.387500,12.000000,0.000000,0.000000,0.000000,0.200000,0.000000,0.000000
23.400000,12.000000,0.000000,0.000000,0.000000,0.200000,0.000000,0.000000
23.412500,12.000000,0.000000,0.000000,0.000000,0.200000,0.000000,0.000000
23.425000,12.000000,0.000000,0.000000,0.000000,0.200000,0.000000,0.000000
23.437500,12.000000,0.000000,0.000000,0.000000,0.200000,0.000000,0.000000
23.450000,12.000000,0.000000,0.000000,0.000000,0.200000,0.000000,0.000000
23.462500,12.000000,0.000000,0.000000,0.000000,0.200000,0.000000,0.000000
23.475000,12.000000,0.000000,0.000000,0.000000,0.200000,0.000000,0.000000
23.487500,12.000000,0.000000,0.000000,0.000000,0.200000,0.000000,0.000000
23.500000,12.000000,0.000000,0.000000,0.000000,0.200000,0.000000,0.000000
23.512500,12.000000,0.000000,0.000000,0.000000,0.200000,0.000000,0.000000
23.525000,12.000000,0.000000,0.000000,0.000000,0.200000,0.000000,0.000000
23.537500,12.000000,0.000000,0.000000,0.000000,0.200000,0.000000,0.000000
23.550000,12.000000,0.000000,0.000000,0.000000,0.200000,0.000000,0.000000
23.562500,12.000000,0.000000,0.000000,0.000000,0.200000,0.000000,0.000000
23.575000,12.000000,0.000000,0.000000,0.000000,0.200000,0.000000,0.000000
23.587500,12.000000,0.000000,0.000000,0.000000,0.200000,0.000000,0.000000
23.600000,12.000000,0.000000,0.000000,0.000000,0.200000,0.000000,0.000000
23.612500,12.000000,0.000000,0.000000,0.000000,0.200000,0.000000,0.000000
23.625000,12.000000,0.000000,0.000000,0.000000,0.200000,0.000000,0.000000
23.637500,12.000000,0.000000,0.000000,0.000000,0.200000,0.000000,0.000000
23.650000,12.000000,0.000000,0.000000,0.000000,0.200000,0.000000,0.000000
23.662500,12.000000,0.000000,0.000000,0.000000,0.200000,0.000000,0.000000
23.675000,12.000000,0.000000,0.000000,0.000000,0.200000,0.000000,0.000000
23.687500,12.000000,0.000000,0.000000,0.000000,0.200000,0.000000,0.000000
23.700000,12.000000,0.000000,0.000000,0.000000,0.200000,0.000000,0.000000
23.712500,12.000000,0.000000,0.000000,0.000000,0.200000,0.000000,0.000000
23.725000,12.000000,0.000000,0.000000,0.000000,0.200000,0.000000,0.000000
23.737500,12.000000,0.000000,0.000000,0.000000,0.200000,0.000000,0.000000
23.750000,12.000000,0.000000,0.000000,0.000000,0.200000,0.000000,0.000000
23.762500,12.000000,0.000000,0.000000,0.000000,0.200000,0.000000,0.000000
23.775000,12.000000,0.000000,0.000000,0.000000,0.200000,0.000000,0.000000
23.787500,12.000000,0.000000,0.000000,0.000000,0.200000,0.000000,0.000000
23.800000,12.000000,0.000000,0.000000,0.000000,0.200000,0.000000,0.000000
23.812500,12.000000,0.000000,0.000000,0.000000,0.200000,0.000000,0.000000
23.825000,12.000000,0.000000,0.000000,0.000000,0.200000,0.000000,0.000000
23.837500,12.000000,0.000000,0.000000,0.000000,0.200000,0.000000,0.000000
23.850000,12.000000,0.000000,0.000000,0.000000,0.200000,0.000000,0.000000
23.862500,12.000000,0.000000,0.000000,0.000000,0.200000,0.000000,0.000000
23.875000,12.000000,0.000000,0.000000,0.000000,0.200000,0.000000,0.000000
23.887500,12.000000,0.000000,0.000000,0.000000,0.200000,0.000000,0.000000
23.900000,12.000000,0.000000,0.000000,0.000000,0.200000,0.000000,0.000000
23.912500,12.000000,0.000000,0.000000,0.000000,0.200000,0.000000,0.000000
23.925000,12.000000,0.000000,0.000000,0.000000,0.200000,0.000000,0.000000
23.937500,12.000000,0.000000,0.000000,0.000000,0.200000,0.000000,0.000000
23.950000,12.000000,0.000000,0.000000,0.000000,0.200000,0.000000,0.000000
23.962500,12.000000,0.000000,0.000000,0.000000,0.200000,0.000000,0.000000
23.975000,12.000000,0.000000,0.000000,0.000000,0.200000,0.000000,0.000000
23.987500,12.000000,0.000000,0.000000,0.000000,0.200000,0.000000,0.000000
24.000000,12.000000,0.000000,0.000000,0.000000,0.200000,0.000000,0.000000
24.012500,12.000000,0.000000,0.000000,0.000000,0.200000,0.000000,0.000000
24.025000,12.000000,0.000000,0.000000,0.000000,0.200000,0.000000,0.000000
24.037500,12.000000,0.000000,0.000000,0.000000,0.200000,0.000000,0.000000
24.050000,12.000000,0.000000,0.000000,0.000000,0.200000,0.000000,0.000000
24.062500,12.000000,0.000000,0.000000,0.000000,0.200000,0.000000,0.000000
24.075000,12.000000,0.000000,0.000000,0.000000,0.200000,0.000000,0.000000
24.087500,12.000000,0.000000,0.000000,0.000000,0.200000,0.000000,0.000000
24.100000,12.000000,0.000000,0.000000,0.000000,0.200000,0.000000,0.000000
24.112500,12.000000,0.000000,0.000000,0.000000,0.200000,0.000000,0.000000
24.125000,12.000000,0.000000,0.000000,0.000000,0.200000,0.000000,0.000000
24.137500,12.000000,0.000000,0.000000,0.000000,0.200000,0.000000,0.000000
24.150000,12.000000,0.000000,0.000000,0.000000,0.200000,0.000000,0.000000
24.162500,12.000000,0.000000,0.000000,0.000000,0.200000,0.000000,0.000000
24.175000,12.000000,0.000000,0.000000,0.000000,0.200000,0.000000,0.000000
24.187500,12.000000,0.000000,0.000000,0.000000,0.200000,0.000000,0.000000
24.200000,12.000000,0.000000,0.000000,0.000000,0.200000,0.000000,0.000000
24.212500,12.000000,0.000000,0.000000,0.000000,0.200000,0.000000,0.000000
24.225000,12.000000,0.000000,0.000000,0.000000,0.200000,0.000000,0.000000
24.237500,12.000000,0.000000,0.000000,0.000000,0.200000,0.000000,0.000000
24.250000,12.000000,0.000000,0.000000,0.000000,0.200000,0.000000,0.000000
24.262500,12.000000,0.000000,0.000000,0.000000,0.200000,0.000000,0.000000
24.275000,12.000000,0.000000,0.000000,0.000000,0.200000,0.000000,0.000000
24.287500,12.000000,0.000000,0.000000,0.000000,0.200000,0.000000,0.000000
24.300000,12.000000,0.000000,0.000000,0.000000,0.200000,0.000000,0.000000
24.312500,12.000000,0.000000,0.000000,0.000000,0.200000,0.000000,0.000000
24.325000,12.000000,0.000000,0.000000,0.000000,0.200000,0.000000,0.000000
24.337500,12.000000,0.000000,0.000000,0.000000,0.200000,0.000000,0.000000
24.350000,12.000000,0.000000,0.000000,0.000000,0.200000,0.000000,0.000000
24.362500,12.000000,0.000000,0.000000,0.000000,0.200000,0.000000,0.000000
24.375000,12.000000,0.000000,0.000000,0.000000,0.200000,0.000000,0.000000
24.387500,12.000000,0.000000,0.000000,0.000000,0.200000,0.000000,0.000000
24.400000,12.000000,0.000000,0.000000,0.000000,0.200000,0.000000,0.000000
24.412500,12.000000,0.000000,0.000000,0.000000,0.200000,0.000000,0.000000
24.425000,12.000000,0.000000,0.000000,0.000000,0.200000,0.000000,0.000000
24.437500,12.000000,0.000000,0.000000,0.000000,0.200000,0.000000,0.000000
24.450000,12.000000,0.000000,0.000000,0.000000,0.200000,0.000000,0.000000
24.462500,12.000000,0.000000,0.000000,0.000000,0.200000,0.000000,0.000000
24.475000,12.000000,0.000000,0.000000,0.000000,0.200000,0.000000,0.000000
24.487500,12.000000,0.000000,0.000000,0.000000,0.200000,0.000000,0.000000
24.500000,12.000000,0.000000,0.000000,0.000000,0.200000,0.000000,0.000000
24.512500,12.000000,0.000000,0.000000,0.000000,0.200000,0.000000,0.000000
24.525000,12.000000,0.000000,0.000000,0.000000,0.200000,0.000000,0.000000
24.537500,12.000000,0.000000,0.000000,0.000000,0.200000,0.000000,0.000000
24.550000,12.000000,0.000000,0.000000,0.000000,0.200000,0.000000,0.000000
24.562500,12.000000,0.000000,0.000000,0.000000,0.200000,0.000000,0.000000
24.575000,12.000000,0.000000,0.000000,0.000000,0.200000,0.000000,0.000000
24.587500,12.000000,0.000000,0.000000,0.000000,0.200000,0.000000,0.000000
24.600000,12.000000,0.000000,0.000000,0.000000,0.200000,0.000000,0.000000
24.612500,12.000000,0.000000,0.000000,0.000000,0.200000,0.000000,0.000000
24.625000,12.000000,0.000000,0.000000,0.000000,0.200000,0.000000,0.000000
24.637500,12.000000,0.000000,0.000000,0.000000,0.200000,0.000000,0.000000
24.650000,12.000000,0.000000,0.000000,0.000000,0.200000,0.000000,0.000000
24.662500,12.000000,0.000000,0.000000,0.000000,0.200000,0.000000,0.000000
24.675000,12.000000,0.000000,0.000000,0.000000,0.200000,0.000000,0.000000
24.687500,12.000000,0.000000,0.000000,0.000000,0.200000,0.000000,0.000000
24.700000,12.000000,0.000000,0.000000,0.000000,0.200000,0.000000,0.000000
24.712500,12.000000,0.000000,0.000000,0.000000,0.200000,0.000000,0.000000
24.725000,12.000000,0.000000,0.000000,0.000000,0.200000,0.000000,0.000000
24.737500,12.000000,0.000000,0.000000,0.000000,0.200000,0.000000,0.000000
24.750000,12.000000,0.000000,0.000000,0.000000,0.200000,0.000000,0.000000
24.762500,12.000000,0.000000,0.000000,0.000000,0.200000,0.000000,0.000000
24.775000,12.000000,0.000000,0.000000,0.000000,0.200000,0.000000,0.000000
24.787500,12.000000,0.000000,0.000000,0.000000,0.200000,0.000000,0.000000
24.800000,12.000000,0.000000,0.000000,0.000000,0.200000,0.000000,0.000000
24.812500,12.000000,0.000000,0.000000,0.000000,0.200000,0.000000,0.000000
24.825000,12.000000,0.000000,0.000000,0.000000,0.200000,0.000000,0.000000
24.837500,12.000000,0.000000,0.000000,0.000000,0.200000,0.000000,0.000000
24.850000,12.000000,0.000000,0.000000,0.000000,0.200000,0.000000,0.000000
24.862500,12.000000,0.000000,0.000000,0.000000,0.200000,0.000000,0.000000
24.875000,12.000000,0.000000,0.000000,0.000000,0.200000,0.000000,0.000000
24.887500,12.000000,0.000000,0.000000,0.000000,0.200000,0.000000,0.000000
24.900000,12.000000,0.000000,0.000000,0.000000,0.200000,0.000000,0.000000
24.912500,12.000000,0.000000,0.000000,0.000000,0.200000,0.000000,0.000000
24.925000,12.000000,0.000000,0.000000,0.000000,0.200000,0.000000,0.000000
24.937500,12.000000,0.000000,0.000000,0.000000,0.200000,0.000000,0.000000
24.950000,12.000000,0.000000,0.000000,0.000000,0.200000,0.000000,0.000000
24.962500,12.000000,0.000000,0.000000,0.000000,0.200000,0.000000,0.000000
24.975000,12.000000,0.000000,0.000000,0.000000,0.200000,0.000000,0.000000
24.987500,12.000000,0.000000,0.000000,0.000000,0.200000,0.000000,0.000000
25.000000,12.000000,0.000000,0.000000,0.000000,0.200000,0.000000,0.000000
25.012500,12.000000,0.000000,0.000000,0.000000,0.200000,0.000000,0.000000
25.025000,12.000000,0.000000,0.000000,0.000000,0.200000,0.000000,0.000000
25.037500,12.000000,0.000000,0.000000,0.000000,0.200000,0.000000,0.000000
25.050000,12.000000,0.000000,0.000000,0.000000,0.200000,0.000000,0.000000
25.062500,12.000000,0.000000,0.000000,0.000000,0.200000,0.000000,0.000000
25.075000,12.000000,0.000000,0.000000,0.000000,0.200000,0.000000,0.000000
25.087500,12.000000,0.000000,0.000000,0.000000,0.200000,0.000000,0.000000
25.100000,12.000000,0.000000,0.000000,0.000000,0.200000,0.000000,0.000000
25.112500,12.000000,0.000000,0.000000,0.000000,0.200000,0.000000,0.000000
25.125000,12.000000,0.000000,0.000000,0.000000,0.200000,0.000000,0.000000
25.137500,12.000000,0.000000,0.000000,0.000000,0.200000,0.000000,0.000000
25.150000,12.000000,0.000000,0.000000,0.000000,0.200000,0.000000,0.000000
25.162500,12.000000,0.000000,0.000000,0.000000,0.200000,0.000000,0.000000
25.175000,12.000000,0.000000,0.000000,0.000000,0.200000,0.000000,0.000000
25.187500,12.000000,0.000000,0.000000,0.000000,0.200000,0.000000,0.000000
25.200000,12.000000,0.000000,0.000000,0.000000,0.200000,0.000000,0.000000
25.212500,12.000000,0.000000,0.000000,0.000000,0.200000,0.000000,0.000000
25.225000,12.000000,0.000000,0.000000,0.000000,0.200000,0.000000,0.000000
25.237500,12.000000,0.000000,0.000000,0.000000,0.200000,0.000000,0.000000
25.250000,12.000000,0.000000,0.000000,0.000000,0.200000,0.000000,0.000000
25.262500,12.000000,0.000000,0.000000,0.000000,0.200000,0.000000,0.000000
25.275000,12.000000,0.000000,0.000000,0.000000,0.200000,0.000000,0.000000
25.287500,12.000000,0.000000,0.000000,0.000000,0.200000,0.000000,0.000000
25.300000,12.000000,0.000000,0.000000,0.000000,0.200000,0.000000,0.000000
25.312500,12.000000,0.000000,0.000000,0.000000,0.200000,0.000000,0.000000
25.325000,12.000000,0.000000,0.000000,0.000000,0.200000,0.000000,0.000000
25.337500,12.000000,0.000000,0.000000,0.000000,0.200000,0.000000,0.000000
25.350000,12.000000,0.000000,0.000000,0.000000,0.200000,0.000000,0.000000
25.362500,12.000000,0.000000,0.000000,0.000000,0.200000,0.000000,0.000000
25.375000,12.000000,0.000000,0.000000,0.000000,0.200000,0.000000,0.000000
25.387500,12.000000,0.000000,0.000000,0.000000,0.200000,0.000000,0.000000
25.400000,12.000000,0.000000,0.000000,0.000000,0.200000,0.000000,0.000000
25.412500,12.000000,0.000000,0.000000,0.000000,0.200000,0.000000,0.000000
25.425000,12.000000,0.000000,0.000000,0.000000,0.200000,0.000000,0.000000
25.437500,12.000000,0.000000,0.000000,0.000000,0.200000,0.000000,0.000000
25.450000,12.000000,0.000000,0.000000,0.000000,0.200000,0.000000,0.000000
25.462500,12.000000,0.000000,0.000000,0.000000,0.200000,0.000000,0.000000
25.475000,12.000000,0.000000,0.000000,0.000000,0.200000,0.000000,0.000000
25.487500,12.000000,0.000000,0.000000,0.000000,0.200000,0.000000,0.000000
25.500000,12.000000,0.000000,0.000000,0.000000,0.200000,0.000000,0.000000
25.512500,12.000000,0.000000,0.000000,0.000000,0.200000,0.000000,0.000000
25.525000,12.000000,0.000000,0.000000,0.000000,0.200000,0.000000,0.000000
25.537500,12.000000,0.000000,0.000000,0.000000,0.200000,0.000000,0.000000
25.550000,12.000000,0.000000,0.000000,0.000000,0.200000,0.000000,0.000000
25.562500,12.000000,0.000000,0.000000,0.000000,0.200000,0.000000,0.000000
25.575000,12.000000,0.000000,0.000000,0.000000,0.200000,0.000000,0.000000
25.587500,12.000000,0.000000,0.000000,0.000000,0.200000,0.000000,0.000000
25.600000,12.000000,0.000000,0.000000,0.000000,0.200000,0.000000,0.000000
25.612500,12.000000,0.000000,0.000000,0.000000,0.200000,0.000000,0.000000
25.625000,12.000000,0.000000,0.000000,0.000000,0.200000,0.000000,0.000000
25.637500,12.000000,0.000000,0.000000,0.000000,0.200000,0.000000,0.000000
25.650000,12.000000,0.000000,0.000000,0.000000,0.200000,0.000000,0.000000
25.662500,12.000000,0.000000,0.000000,0.000000,0.200000,0.000000,0.000000
25.675000,12.000000,0.000000,0.000000,0.000000,0.200000,0.000000,0.000000
25.687500,12.000000,0.000000,0.000000,0.000000,0.200000,0.000000,0.000000
25.700000,12.000000,0.000000,0.000000,0.000000,0.200000,0.000000,0.000000
25.712500,12.000000,0.000000,0.000000,0.000000,0.200000,0.000000,0.000000
25.725000,12.000000,0.000000,0.000000,0.000000,0.200000,0.000000,0.000000
25.737500,12.000000,0.000000,0.000000,0.000000,0.200000,0.000000,0.000000
25.750000,12.000000,0.000000,0.000000,0.000000,0.200000,0.000000,0.000000
25.762500,12.000000,0.000000,0.000000,0.000000,0.200000,0.000000,0.000000
25.775000,12.000000,0.000000,0.000000,0.000000,0.200000,0.000000,0.000000
25.787500,12.000000,0.000000,0.000000,0.000000,0.200000,0.000000,0.000000
25.800000,12.000000,0.000000,0.000000,0.000000,0.200000,0.000000,0.000000
25.812500,12.000000,0.000000,0.000000,0.000000,0.200000,0.000000,0.000000
25.825000,12.000000,0.000000,0.000000,0.000000,0.200000,0.000000,0.000000
25.837500,12.000000,0.000000,0.000000,0.000000,0.200000,0.000000,0.000000
25.850000,12.000000,0.000000,0.000000,0.000000,0.200000,0.000000,0.000000
25.862500,12.000000,0.000000,0.000000,0.000000,0.200000,0.000000,0.000000
25.875000,12.000000,0.000000,0.000000,0.000000,0.200000,0.000000,0.000000
25.887500,12.000000,0.000000,0.000000,0.000000,0.200000,0.000000,0.000000
25.900000,12.000000,0.000000,0.000000,0.000000,0.200000,0.000000,0.000000
25.912500,12.000000,0.000000,0.000000,0.000000,0.200000,0.000000,0.000000
25.925000,12.000000,0.000000,0.000000,0.000000,0.200000,0.000000,0.000000
25.937500,12.000000,0.000000,0.000000,0.000000,0.200000,0.000000,0.000000
25.950000,12.000000,0.000000,0.000000,0.000000,0.200000,0.000000,0.000000
25.962500,12.000000,0.000000,0.000000,0.000000,0.200000,0.000000,0.000000
25.975000,12.000000,0.000000,0.000000,0.000000,0.200000,0.000000,0.000000
25.987500,12.000000,0.000000,0.000000,0.000000,0.200000,0.000000,0.000000
26.000000,12.000000,0.000000,0.000000,0.000000,0.200000,0.000000,0.000000
26.012500,12.000000,0.000000,0.000000,0.000000,0.200000,0.000000,0.000000
26.025000,12.000000,0.000000,0.000000,0.000000,0.200000,0.000000,0.000000
26.037500,12.000000,0.000000,0.000000,0.000000,0.200000,0.000000,0.000000
26.050000,12.000000,0.000000,0.000000,0.000000,0.200000,0.000000,0.000000
26.062500,12.000000,0.000000,0.000000,0.000000,0.200000,0.000000,0.000000
26.075000,12.000000,0.000000,0.000000,0.000000,0.200000,0.000000,0.000000
26.087500,12.000000,0.000000,0.000000,0.000000,0.200000,0.000000,0.000000
26.100000,12.000000,0.000000,0.000000,0.000000,0.200000,0.000000,0.000000
26.112500,12.000000,0.000000,0.000000,0.000000,0.200000,0.000000,0.000000
26.125000,12.000000,0.000000,0.000000,0.000000,0.200000,0.000000,0.000000
26.137500,12.000000,0.000000,0.000000,0.000000,0.200000,0.000000,0.000000
26.150000,12.000000,0.000000,0.000000,0.000000,0.200000,0.000000,0.000000
26.162500,12.000000,0.000000,0.000000,0.000000,0.200000,0.000000,0.000000
26.175000,12.000000,0.000000,0.000000,0.000000,0.200000,0.000000,0.000000
26.187500,12.000000,0.000000,0.000000,0.000000,0.200000,0.000000,0.000000
26.200000,12.000000,0.000000,0.000000,0.000000,0.200000,0.000000,0.000000
26.212500,12.000000,0.000000,0.000000,0.000000,0.200000,0.000000,0.000000
26.225000,12.000000,0.000000,0.000000,0.000000,0.200000,0.000000,0.000000
26.237500,12.000000,0.000000,0.000000,0.000000,0.200000,0.000000,0.000000
26.250000,12.000000,0.000000,0.000000,0.000000,0.200000,0.000000,0.000000
26.262500,12.000000,0.000000,0.000000,0.000000,0.200000,0.000000,0.000000
26.275000,12.000000,0.000000,0.000000,0.000000,0.200000,0.000000,0.000000
26.287500,12.000000,0.000000,0.000000,0.000000,0.200000,0.000000,0.000000
26.300000,12.000000,0.000000,0.000000,0.000000,0.200000,0.000000,0.000000
26.312500,12.000000,0.000000,0.000000,0.000000,0.200000,0.000000,0.000000
26.325000,12.000000,0.000000,0.000000,0.000000,0.200000,0.000000,0.000000
26.337500,12.000000,0.000000,0.000000,0.000000,0.200000,0.000000,0.000000
26.350000,12.000000,0.000000,0.000000,0.000000,0.200000,0.000000,0.000000
26.362500,12.000000,0.000000,0.000000,0.000000,0.200000,0.000000,0.000000
26.375000,12.000000,0.000000,0.000000,0.000000,0.200000,0.000000,0.000000
26.387500,12.000000,0.000000,0.000000,0.000000,0.200000,0.000000,0.000000
26.400000,12.000000,0.000000,0.000000,0.000000,0.200000,0.000000,0.000000
26.412500,12.000000,0.000000,0.000000,0.000000,0.200000,0.000000,0.000000
26.425000,12.000000,0.000000,0.000000,0.000000,0.200000,0.000000,0.000000
26.437500,12.000000,0.000000,0.000000,0.000000,0.200000,0.000000,0.000000
26.450000,12.000000,0.000000,0.000000,0.000000,0.200000,0.000000,0.000000
26.462500,12.000000,0.000000,0.000000,0.000000,0.200000,0.000000,0.000000
26.475000,12.000000,0.000000,0.000000,0.000000,0.200000,0.000000,0.000000
26.487500,12.000000,0.000000,0.000000,0.000000,0.200000,0.000000,0.000000
26.500000,12.000000,0.000000,0.000000,0.000000,0.200000,0.000000,0.000000
26.512500,12.000000,0.000000,0.000000,0.000000,0.200000,0.000000,0.000000
26.525000,12.000000,0.000000,0.000000,0.000000,0.200000,0.000000,0.000000
26.537500,12.000000,0.000000,0.000000,0.000000,0.200000,0.000000,0.000000
26.550000,12.000000,0.000000,0.000000,0.000000,0.200000,0.000000,0.000000
26.562500,12.000000,0.000000,0.000000,0.000000,0.200000,0.000000,0.000000
26.575000,12.000000,0.000000,0.000000,0.000000,0.200000,0.000000,0.000000
26.587500,12.000000,0.000000,0.000000,0.000000,0.200000,0.000000,0.000000
26.600000,12.000000,0.000000,0.000000,0.000000,0.200000,0.000000,0.000000
26.612500,12.000000,0.000000,0.000000,0.000000,0.200000,0.000000,0.000000
26.625000,12.000000,0.000000,0.000000,0.000000,0.200000,0.000000,0.000000
26.637500,12.000000,0.000000,0.000000,0.000000,0.200000,0.000000,0.000000
26.650000,12.000000,0.000000,0.000000,0.000000,0.200000,0.000000,0.000000
26.662500,12.000000,0.000000,0.000000,0.000000,0.200000,0.000000,0.000000
26.675000,12.000000,0.000000,0.000000,0.000000,0.200000,0.000000,0.000000
26.687500,12.000000,0.000000,0.000000,0.000000,0.200000,0.000000,0.000000
26.700000,12.000000,0.000000,0.000000,0.000000,0.200000,0.000000,0.000000
26.712500,12.000000,0.000000,0.000000,0.000000,0.200000,0.000000,0.000000
26.725000,12.000000,0.000000,0.000000,0.000000,0.200000,0.000000,0.000000
26.737500,12.000000,0.000000,0.000000,0.000000,0.200000,0.000000,0.000000
26.750000,12.000000,0.000000,0.000000,0.000000,0.200000,0.000000,0.000000
26.762500,12.000000,0.000000,0.000000,0.000000,0.200000,0.000000,0.000000
26.775000,12.000000,0.000000,0.000000,0.000000,0.200000,0.000000,0.000000
26.787500,12.000000,0.000000,0.000000,0.000000,0.200000,0.000000,0.000000
26.800000,12.000000,0.000000,0.000000,0.000000,0.200000,0.000000,0.000000
26.812500,12.000000,0.000000,0.000000,0.000000,0.200000,0.000000,0.000000
26.825000,12.000000,0.000000,0.000000,0.000000,0.200000,0.000000,0.000000
26.837500,12.000000,0.000000,0.000000,0.000000,0.200000,0.000000,0.000000
26.850000,12.000000,0.000000,0.000000,0.000000,0.200000,0.000000,0.000000
26.862500,12.000000,0.000000,0.000000,0.000000,0.200000,0.000000,0.000000
26.875000,12.000000,0.000000,0.000000,0.000000,0.200000,0.000000,0.000000
26.887500,12.000000,0.000000,0.000000,0.000000,0.200000,0.000000,0.000000
26.900000,12.000000,0.000000,0.000000,0.000000,0.200000,0.000000,0.000000
26.912500,12.000000,0.000000,0.000000,0.000000,0.200000,0.000000,0.000000
26.925000,12.000000,0.000000,0.000000,0.000000,0.200000,0.000000,0.000000
26.937500,12.000000,0.000000,0.000000,0.000000,0.200000,0.000000,0.000000
26.950000,12.000000,0.000000,0.000000,0.000000,0.200000,0.000000,0.000000
26.962500,12.000000,0.000000,0.000000,0.000000,0.200000,0.000000,0.000000
26.975000,12.000000,0.000000,0.000000,0.000000,0.200000,0.000000,0.000000
26.987500,12.000000,0.000000,0.000000,0.000000,0.200000,0.000000,0.000000
27.000000,12.000000,0.000000,0.000000,0.000000,0.200000,0.000000,0.000000
27.012500,12.000000,0.000000,0.000000,0.000000,0.200000,0.000000,0.000000
27.025000,12.000000,0.000000,0.000000,0.000000,0.200000,0.000000,0.000000
27.037500,12.000000,0.000000,0.000000,0.000000,0.200000,0.000000,0.000000
27.050000,12.000000,0.000000,0.000000,0.000000,0.200000,0.000000,0.000000
27.062500,12.000000,0.000000,0.000000,0.000000,0.200000,0.000000,0.000000
27.075000,12.000000,0.000000,0.000000,0.000000,0.200000,0.000000,0.000000
27.087500,12.000000,0.000000,0.000000,0.000000,0.200000,0.000000,0.000000
27.100000,12.000000,0.000000,0.000000,0.000000,0.200000,0.000000,0.000000
27.112500,12.000000,0.000000,0.000000,0.000000,0.200000,0.000000,0.000000
27.125000,12.000000,0.000000,0.000000,0.000000,0.200000,0.000000,0.000000
27.137500,12.000000,0.000000,0.000000,0.000000,0.200000,0.000000,0.000000
27.150000,12.000000,0.000000,0.000000,0.000000,0.200000,0.000000,0.000000
27.162500,12.000000,0.000000,0.000000,0.000000,0.200000,0.000000,0.000000
27.175000,12.000000,0.000000,0.000000,0.000000,0.200000,0.000000,0.000000
27.187500,12.000000,0.000000,0.000000,0.000000,0.200000,0.000000,0.000000
27.200000,12.000000,0.000000,0.000000,0.000000,0.200000,0.000000,0.000000
27.212500,12.000000,0.000000,0.000000,0.000000,0.200000,0.000000,0.000000
27.225000,12.000000,0.000000,0.000000,0.000000,0.200000,0.000000,0.000000
27.237500,12.000000,0.000000,0.000000,0.000000,0.200000,0.000000,0.000000
27.250000,12.000000,0.000000,0.000000,0.000000,0.200000,0.000000,0.000000
27.262500,12.000000,0.000000,0.000000,0.000000,0.200000,0.000000,0.000000
27.275000,12.000000,0.000000,0.000000,0.000000,0.200000,0.000000,0.000000
27.287500,12.000000,0.000000,0.000000,0.000000,0.200000,0.000000,0.000000
27.300000,12.000000,0.000000,0.000000,0.000000,0.200000,0.000000,0.000000
27.312500,12.000000,0.000000,0.000000,0.000000,0.200000,0.000000,0.000000
27.325000,12.000000,0.000000,0.000000,0.000000,0.200000,0.000000,0.000000
27.337500,12.000000,0.000000,0.000000,0.000000,0.200000,0.000000,0.000000
27.350000,12.000000,0.000000,0.000000,0.000000,0.200000,0.000000,0.000000
27.362500,12.000000,0.000000,0.000000,0.000000,0.200000,0.000000,0.000000
27.375000,12.000000,0.000000,0.000000,0.000000,0.200000,0.000000,0.000000
27.387500,12.000000,0.000000,0.000000,0.000000,0.200000,0.000000,0.000000
27.400000,12.000000,0.000000,0.000000,0.000000,0.200000,0.000000,0.000000
27.412500,12.000000,0.000000,0.000000,0.000000,0.200000,0.000000,0.000000
27.425000,12.000000,0.000000,0.000000,0.000000,0.200000,0.000000,0.000000
27.437500,12.000000,0.000000,0.000000,0.000000,0.200000,0.000000,0.000000
27.450000,12.000000,0.000000,0.000000,0.000000,0.200000,0.000000,0.000000
27.462500,12.000000,0.000000,0.000000,0.000000,0.200000,0.000000,0.000000
27.475000,12.000000,0.000000,0.000000,0.000000,0.200000,0.000000,0.000000
27.487500,12.000000,0.000000,0.000000,0.000000,0.200000,0.000000,0.000000
27.500000,12.000000,0.000000,0.000000,0.000000,0.200000,0.000000,0.000000
27.512500,12.000000,0.000000,0.000000,0.000000,0.200000,0.000000,0.000000
27.525000,12.000000,0.000000,0.000000,0.000000,0.200000,0.000000,0.000000
27.537500,12.000000,0.000000,0.000000,0.000000,0.200000,0.000000,0.000000
27.550000,12.000000,0.000000,0.000000,0.000000,0.200000,0.000000,0.000000
27.562500,12.000000,0.000000,0.000000,0.000000,0.200000,0.000000,0.000000
27.575000,12.000000,0.000000,0.000000,0.000000,0.200000,0.000000,0.000000
27.587500,12.000000,0.000000,0.000000,0.000000,0.200000,0.000000,0.000000
27.600000,12.000000,0.000000,0.000000,0.000000,0.200000,0.000000,0.000000
27.612500,12.000000,0.000000,0.000000,0.000000,0.200000,0.000000,0.000000
27.625000,12.000000,0.000000,0.000000,0.000000,0.200000,0.000000,0.000000
27.637500,12.000000,0.000000,0.000000,0.000000,0.200000,0.000000,0.000000
27.650000,12.000000,0.000000,0.000000,0.000000,0.200000,0.000000,0.000000
27.662500,12.000000,0.000000,0.000000,0.000000,0.200000,0.000000,0.000000
27.675000,12.000000,0.000000,0.000000,0.000000,0.200000,0.000000,0.000000
27.687500,12.000000,0.000000,0.000000,0.000000,0.200000,0.000000,0.000000
27.700000,12.000000,0.000000,0.000000,0.000000,0.200000,0.000000,0.000000
27.712500,12.000000,0.000000,0.000000,0.000000,0.200000,0.000000,0.000000
27.725000,12.000000,0.000000,0.000000,0.000000,0.200000,0.000000,0.000000
27.737500,12.000000,0.000000,0.000000,0.000000,0.200000,0.000000,0.000000
27.750000,12.000000,0.000000,0.000000,0.000000,0.200000,0.000000,0.000000
27.762500,12.000000,0.000000,0.000000,0.000000,0.200000,0.000000,0.000000
27.775000,12.000000,0.000000,0.000000,0.000000,0.200000,0.000000,0.000000
27.787500,12.000000,0.000000,0.000000,0.000000,0.200000,0.000000,0.000000
27.800000,12.000000,0.000000,0.000000,0.000000,0.200000,0.000000,0.000000
27.812500,12.000000,0.000000,0.000000,0.000000,0.200000,0.000000,0.000000
27.825000,12.000000,0.000000,0.000000,0.000000,0.200000,0.000000,0.000000
27.837500,12.000000,0.000000,0.000000,0.000000,0.200000,0.000000,0.000000
27.850000,12.000000,0.000000,0.000000,0.000000,0.200000,0.000000,0.000000
27.862500,12.000000,0.000000,0.000000,0.000000,0.200000,0.000000,0.000000
27.875000,12.000000,0.000000,0.000000,0.000000,0.200000,0.000000,0.000000
27.887500,12.000000,0.000000,0.000000,0.000000,0.200000,0.000000,0.000000
27.900000,12.000000,0.000000,0.000000,0.000000,0.200000,0.000000,0.000000
27.912500,12.000000,0.000000,0.000000,0.000000,0.200000,0.000000,0.000000
27.925000,12.000000,0.000000,0.000000,0.000000,0.200000,0.000000,0.000000
27.937500,12.000000,0.000000,0.000000,0.000000,0.200000,0.000000,0.000000
27.950000,12.000000,0.000000,0.000000,0.000000,0.200000,0.000000,0.000000
27.962500,12.000000,0.000000,0.000000,0.000000,0.200000,0.000000,0.000000
27.975000,12.000000,0.000000,0.000000,0.000000,0.200000,0.000000,0.000000
27.987500,12.000000,0.000000,0.000000,0.000000,0.200000,0.000000,0.000000
28.000000,12.000000,0.000000,0.000000,0.000000,0.200000,0.000000,0.000000
28.012500,12.000000,0.000000,0.000000,0.000000,0.200000,0.000000,0.000000
28.025000,12.000000,0.000000,0.000000,0.000000,0.200000,0.000000,0.000000
28.037500,12.000000,0.000000,0.000000,0.000000,0.200000,0.000000,0.000000
28.050000,12.000000,0.000000,0.000000,0.000000,0.200000,0.000000,0.000000
28.062500,12.000000,0.000000,0.000000,0.000000,0.200000,0.000000,0.000000
28.075000,12.000000,0.000000,0.000000,0.000000,0.200000,0.000000,0.000000
28.087500,12.000000,0.000000,0.000000,0.000000,0.200000,0.000000,0.000000
28.100000,12.000000,0.000000,0.000000,0.000000,0.200000,0.000000,0.000000
28.112500,12.000000,0.000000,0.000000,0.000000,0.200000,0.000000,0.000000
28.125000,12.000000,0.000000,0.000000,0.000000,0.200000,0.000000,0.000000
28.137500,12.000000,0.000000,0.000000,0.000000,0.200000,0.000000,0.000000
28.150000,12.000000,0.000000,0.000000,0.000000,0.200000,0.000000,0.000000
28.162500,12.000000,0.000000,0.000000,0.000000,0.200000,0.000000,0.000000
28.175000,12.000000,0.000000,0.000000,0.000000,0.200000,0.000000,0.000000
28.187500,12.000000,0.000000,0.000000,0.000000,0.200000,0.000000,0.000000
28.200000,12.000000,0.000000,0.000000,0.000000,0.200000,0.000000,0.000000
28.212500,12.000000,0.000000,0.000000,0.000000,0.200000,0.000000,0.000000
28.225000,12.000000,0.000000,0.000000,0.000000,0.200000,0.000000,0.000000
28.237500,12.000000,0.000000,0.000000,0.000000,0.200000,0.000000,0.000000
28.250000,12.000000,0.000000,0.000000,0.000000,0.200000,0.000000,0.000000
28.262500,12.000000,0.000000,0.000000,0.000000,0.200000,0.000000,0.000000
28.275000,12.000000,0.000000,0.000000,0.000000,0.200000,0.000000,0.000000
28.287500,12.000000,0.000000,0.000000,0.000000,0.200000,0.000000,0.000000
28.300000,12.000000,0.000000,0.000000,0.000000,0.200000,0.000000,0.000000
28.312500,12.000000,0.000000,0.000000,0.000000,0.200000,0.000000,0.000000
28.325000,12.000000,0.000000,0.000000,0.000000,0.200000,0.000000,0.000000
28.337500,12.000000,0.000000,0.000000,0.000000,0.200000,0.000000,0.000000
28.350000,12.000000,0.000000,0.000000,0.000000,0.200000,0.000000,0.000000
28.362500,12.000000,0.000000,0.000000,0.000000,0.200000,0.000000,0.000000
28.375000,12.000000,0.000000,0.000000,0.000000,0.200000,0.000000,0.000000
28.387500,12.000000,0.000000,0.000000,0.000000,0.200000,0.000000,0.000000
28.400000,12.000000,0.000000,0.000000,0.000000,0.200000,0.000000,0.000000
28.412500,12.000000,0.000000,0.000000,0.000000,0.200000,0.000000,0.000000
28.425000,12.000000,0.000000,0.000000,0.000000,0.200000,0.000000,0.000000
28.437500,12.000000,0.000000,0.000000,0.000000,0.200000,0.000000,0.000000
28.450000,12.000000,0.000000,0.000000,0.000000,0.200000,0.000000,0.000000
28.462500,12.000000,0.000000,0.000000,0.000000,0.200000,0.000000,0.000000
28.475000,12.000000,0.000000,0.000000,0.000000,0.200000,0.000000,0.000000
28.487500,12.000000,0.000000,0.000000,0.000000,0.200000,0.000000,0.000000
28.500000,12.000000,0.000000,0.000000,0.000000,0.200000,0.000000,0.000000
28.512500,12.000000,0.000000,0.000000,0.000000,0.200000,0.000000,0.000000
28.525000,12.000000,0.000000,0.000000,0.000000,0.200000,0.000000,0.000000
28.537500,12.000000,0.000000,0.000000,0.000000,0.200000,0.000000,0.000000
28.550000,12.000000,0.000000,0.000000,0.000000,0.200000,0.000000,0.000000
28.562500,12.000000,0.000000,0.000000,0.000000,0.200000,0.000000,0.000000
28.575000,12.000000,0.000000,0.000000,0.000000,0.200000,0.000000,0.000000
28.587500,12.000000,0.000000,0.000000,0.000000,0.200000,0.000000,0.000000
28.600000,12.000000,0.000000,0.000000,0.000000,0.200000,0.000000,0.000000
28.612500,12.000000,0.000000,0.000000,0.000000,0.200000,0.000000,0.000000
28.625000,12.000000,0.000000,0.000000,0.000000,0.200000,0.000000,0.000000
28.637500,12.000000,0.000000,0.000000,0.000000,0.200000,0.000000,0.000000
28.650000,12.000000,0.000000,0.000000,0.000000,0.200000,0.000000,0.000000
28.662500,12.000000,0.000000,0.000000,0.000000,0.200000,0.000000,0.000000
28.675000,12.000000,0.000000,0.000000,0.000000,0.200000,0.000000,0.000000
28.687500,12.000000,0.000000,0.000000,0.000000,0.200000,0.000000,0.000000
28.700000,12.000000,0.000000,0.000000,0.000000,0.200000,0.000000,0.000000
28.712500,12.000000,0.000000,0.000000,0.000000,0.200000,0.000000,0.000000
28.725000,12.000000,0.000000,0.000000,0.000000,0.200000,0.000000,0.000000
28.737500,12.000000,0.000000,0.000000,0.000000,0.200000,0.000000,0.000000
28.750000,12.000000,0.000000,0.000000,0.000000,0.200000,0.000000,0.000000
28.762500,12.000000,0.000000,0.000000,0.000000,0.200000,0.000000,0.000000
28.775000,12.000000,0.000000,0.000000,0.000000,0.200000,0.000000,0.000000
28.787500,12.000000,0.000000,0.000000,0.000000,0.200000,0.000000,0.000000
28.800000,12.000000,0.000000,0.000000,0.000000,0.200000,0.000000,0.000000
28.812500,12.000000,0.000000,0.000000,0.000000,0.200000,0.000000,0.000000
28.825000,12.000000,0.000000,0.000000,0.000000,0.200000,0.000000,0.000000
28.837500,12.000000,0.000000,0.000000,0.000000,0.200000,0.000000,0.000000
28.850000,12.000000,0.000000,0.000000,0.000000,0.200000,0.000000,0.000000
28.862500,12.000000,0.000000,0.000000,0.000000,0.200000,0.000000,0.000000
28.875000,12.000000,0.000000,0.000000,0.000000,0.200000,0.000000,0.000000
28.887500,12.000000,0.000000,0.000000,0.000000,0.200000,0.000000,0.000000
28.900000,12.000000,0.000000,0.000000,0.000000,0.200000,0.000000,0.000000
28.912500,12.000000,0.000000,0.000000,0.000000,0.200000,0.000000,0.000000
28.925000,12.000000,0.000000,0.000000,0.000000,0.200000,0.000000,0.000000
28.937500,12.000000,0.000000,0.000000,0.000000,0.200000,0.000000,0.000000
28.950000,12.000000,0.000000,0.000000,0.000000,0.200000,0.000000,0.000000
28.962500,12.000000,0.000000,0.000000,0.000000,0.200000,0.000000,0.000000
28.975000,12.000000,0.000000,0.000000,0.000000,0.200000,0.000000,0.000000
28.987500,12.000000,0.000000,0.000000,0.000000,0.200000,0.000000,0.000000
29.000000,12.000000,0.000000,0.000000,0.000000,0.200000,0.000000,0.000000
29.012500,12.000000,0.000000,0.000000,0.000000,0.200000,0.000000,0.000000
29.025000,12.000000,0.000000,0.000000,0.000000,0.200000,0.000000,0.000000
29.037500,12.000000,0.000000,0.000000,0.000000,0.200000,0.000000,0.000000
29.050000,12.000000,0.000000,0.000000,0.000000,0.200000,0.000000,0.000000
29.062500,12.000000,0.000000,0.000000,0.000000,0.200000,0.000000,0.000000
29.075000,12.000000,0.000000,0.000000,0.000000,0.200000,0.000000,0.000000
29.087500,12.000000,0.000000,0.000000,0.000000,0.200000,0.000000,0.000000
29.100000,12.000000,0.000000,0.000000,0.000000,0.200000,0.000000,0.000000
29.112500,12.000000,0.000000,0.000000,0.000000,0.200000,0.000000,0.000000
29.125000,12.000000,0.000000,0.000000,0.000000,0.200000,0.000000,0.000000
29.137500,12.000000,0.000000,0.000000,0.000000,0.200000,0.000000,0.000000
29.150000,12.000000,0.000000,0.000000,0.000000,0.200000,0.000000,0.000000
29.162500,12.000000,0.000000,0.000000,0.000000,0.200000,0.000000,0.000000
29.175000,12.000000,0.000000,0.000000,0.000000,0.200000,0.000000,0.000000
29.187500,12.000000,0.000000,0.000000,0.000000,0.200000,0.000000,0.000000
29.200000,12.000000,0.000000,0.000000,0.000000,0.200000,0.000000,0.000000
29.212500,12.000000,0.000000,0.000000,0.000000,0.200000,0.000000,0.000000
29.225000,12.000000,0.000000,0.000000,0.000000,0.200000,0.000000,0.000000
29.237500,12.000000,0.000000,0.000000,0.000000,0.200000,0.000000,0.000000
29.250000,12.000000,0.000000,0.000000,0.000000,0.200000,0.000000,0.000000
29.262500,12.000000,0.000000,0.000000,0.000000,0.200000,0.000000,0.000000
29.275000,12.000000,0.000000,0.000000,0.000000,0.200000,0.000000,0.000000
29.287500,12.000000,0.000000,0.000000,0.000000,0.200000,0.000000,0.000000
29.300000,12.000000,0.000000,0.000000,0.000000,0.200000,0.000000,0.000000
29.312500,12.000000,0.000000,0.000000,0.000000,0.200000,0.000000,0.000000
29.325000,12.000000,0.000000,0.000000,0.000000,0.200000,0.000000,0.000000
29.337500,12.000000,0.000000,0.000000,0.000000,0.200000,0.000000,0.000000
29.350000,12.000000,0.000000,0.000000,0.000000,0.200000,0.000000,0.000000
29.362500,12.000000,0.000000,0.000000,0.000000,0.200000,0.000000,0.000000
29.375000,12.000000,0.000000,0.000000,0.000000,0.200000,0.000000,0.000000
29.387500,12.000000,0.000000,0.000000,0.000000,0.200000,0.000000,0.000000
29.400000,12.000000,0.000000,0.000000,0.000000,0.200000,0.000000,0.000000
29.412500,12.000000,0.000000,0.000000,0.000000,0.200000,0.000000,0.000000
29.425000,12.000000,0.000000,0.000000,0.000000,0.200000,0.000000,0.000000
29.437500,12.000000,0.000000,0.000000,0.000000,0.200000,0.000000,0.000000
29.450000,12.000000,0.000000,0.000000,0.000000,0.200000,0.000000,0.000000
29.462500,12.000000,0.000000,0.000000,0.000000,0.200000,0.000000,0.000000
29.475000,12.000000,0.000000,0.000000,0.000000,0.200000,0.000000,0.000000
29.487500,12.000000,0.000000,0.000000,0.000000,0.200000,0.000000,0.000000
29.500000,12.000000,0.000000,0.000000,0.000000,0.200000,0.000000,0.000000
29.512500,12.000000,0.000000,0.000000,0.000000,0.200000,0.000000,0.000000
29.525000,12.000000,0.000000,0.000000,0.000000,0.200000,0.000000,0.000000
29.537500,12.000000,0.000000,0.000000,0.000000,0.200000,0.000000,0.000000
29.550000,12.000000,0.000000,0.000000,0.000000,0.200000,0.000000,0.000000
29.562500,12.000000,0.000000,0.000000,0.000000,0.200000,0.000000,0.000000
29.575000,12.000000,0.000000,0.000000,0.000000,0.200000,0.000000,0.000000
29.587500,12.000000,0.000000,0.000000,0.000000,0.200000,0.000000,0.000000
29.600000,12.000000,0.000000,0.000000,0.000000,0.200000,0.000000,0.000000
29.612500,12.000000,0.000000,0.000000,0.000000,0.200000,0.000000,0.000000
29.625000,12.000000,0.000000,0.000000,0.000000,0.200000,0.000000,0.000000
29.637500,12.000000,0.000000,0.000000,0.000000,0.200000,0.000000,0.000000
29.650000,12.000000,0.000000,0.000000,0.000000,0.200000,0.000000,0.000000
29.662500,12.000000,0.000000,0.000000,0.000000,0.200000,0.000000,0.000000
29.675000,12.000000,0.000000,0.000000,0.000000,0.200000,0.000000,0.000000
29.687500,12.000000,0.000000,0.000000,0.000000,0.200000,0.000000,0.000000
29.700000,12.000000,0.000000,0.000000,0.000000,0.200000,0.000000,0.000000
29.712500,12.000000,0.000000,0.000000,0.000000,0.200000,0.000000,0.000000
29.725000,12.000000,0.000000,0.000000,0.000000,0.200000,0.000000,0.000000
29.737500,12.000000,0.000000,0.000000,0.000000,0.200000,0.000000,0.000000
29.750000,12.000000,0.000000,0.000000,0.000000,0.200000,0.000000,0.000000
29.762500,12.000000,0.000000,0.000000,0.000000,0.200000,0.000000,0.000000
29.775000,12.000000,0.000000,0.000000,0.000000,0.200000,0.000000,0.000000
29.787500,12.000000,0.000000,0.000000,0.000000,0.200000,0.000000,0.000000
29.800000,12.000000,0.000000,0.000000,0.000000,0.200000,0.000000,0.000000
29.812500,12.000000,0.000000,0.000000,0.000000,0.200000,0.000000,0.000000
29.825000,12.000000,0.000000,0.000000,0.000000,0.200000,0.000000,0.000000
29.837500,12.000000,0.000000,0.000000,0.000000,0.200000,0.000000,0.000000
29.850000,12.000000,0.000000,0.000000,0.000000,0.200000,0.000000,0.000000
29.862500,12.000000,0.000000,0.000000,0.000000,0.200000,0.000000,0.000000
29.875000,12.000000,0.000000,0.000000,0.000000,0.200000,0.000000,0.000000
29.887500,12.000000,0.000000,0.000000,0.000000,0.200000,0.000000,0.000000
29.900000,12.000000,0.000000,0.000000,0.000000,0.200000,0.000000,0.000000
29.912500,12.000000,0.000000,0.000000,0.000000,0.200000,0.000000,0.000000
29.925000,12.000000,0.000000,0.000000,0.000000,0.200000,0.000000,0.000000
29.937500,12.000000,0.000000,0.000000,0.000000,0.200000,0.000000,0.000000
29.950000,12.000000,0.000000,0.000000,0.000000,0.200000,0.000000,0.000000
29.962500,12.000000,0.000000,0.000000,0.000000,0.200000,0.000000,0.000000
29.975000,12.000000,0.000000,0.000000,0.000000,0.200000,0.000000,0.000000
29.987500,12.000000,0.000000,0.000000,0.000000,0.200000,0.000000,0.000000
30.000000,12.000000,0.000000,0.000000,0.000000,0.200000,0.000000,0.000000
30.012500,12.000000,0.000000,0.000000,0.000000,0.200000,0.000000,0.000000
30.025000,12.000000,0.000000,0.000000,0.000000,0.200000,0.000000,0.000000
30.037500,12.000000,0.000000,0.000000,0.000000,0.200000,0.000000,0.000000
30.050000,12.000000,0.000000,0.000000,0.000000,0.200000,0.000000,0.000000
30.062500,12.000000,0.000000,0.000000,0.000000,0.200000,0.000000,0.000000
30.075000,12.000000,0.000000,0.000000,0.000000,0.200000,0.000000,0.000000
30.087500,12.000000,0.000000,0.000000,0.000000,0.200000,0.000000,0.000000
30.100000,12.000000,0.000000,0.000000,0.000000,0.200000,0.000000,0.000000
30.112500,12.000000,0.000000,0.000000,0.000000,0.200000,0.000000,0.000000
30.125000,12.000000,0.000000,0.000000,0.000000,0.200000,0.000000,0.000000
30.137500,12.000000,0.000000,0.000000,0.000000,0.200000,0.000000,0.000000
30.150000,12.000000,0.000000,0.000000,0.000000,0.200000,0.000000,0.000000
30.162500,12.000000,0.000000,0.000000,0.000000,0.200000,0.000000,0.000000
30.175000,12.000000,0.000000,0.000000,0.000000,0.200000,0.000000,0.000000
30.187500,12.000000,0.000000,0.000000,0.000000,0.200000,0.000000,0.000000
30.200000,12.000000,0.000000,0.000000,0.000000,0.200000,0.000000,0.000000
30.212500,12.000000,0.000000,0.000000,0.000000,0.200000,0.000000,0.000000
30.225000,12.000000,0.000000,0.000000,0.000000,0.200000,0.000000,0.000000
30.237500,12.000000,0.000000,0.000000,0.000000,0.200000,0.000000,0.000000
30.250000,12.000000,0.000000,0.000000,0.000000,0.200000,0.000000,0.000000
30.262500,12.000000,0.000000,0.000000,0.000000,0.200000,0.000000,0.000000
30.275000,12.000000,0.000000,0.000000,0.000000,0.200000,0.000000,0.000000
30.287500,12.000000,0.000000,0.000000,0.000000,0.200000,0.000000,0.000000
30.300000,12.000000,0.000000,0.000000,0.000000,0.200000,0.000000,0.000000
30.312500,12.000000,0.000000,0.000000,0.000000,0.200000,0.000000,0.000000
30.325000,12.000000,0.000000,0.000000,0.000000,0.200000,0.000000,0.000000
30.337500,12.000000,0.000000,0.000000,0.000000,0.200000,0.000000,0.000000
30.350000,12.000000,0.000000,0.000000,0.000000,0.200000,0.000000,0.000000
30.362500,12.000000,0.000000,0.000000,0.000000,0.200000,0.000000,0.000000
30.375000,12.000000,0.000000,0.000000,0.000000,0.200000,0.000000,0.000000
30.387500,12.000000,0.000000,0.000000,0.000000,0.200000,0.000000,0.000000
30.400000,12.000000,0.000000,0.000000,0.000000,0.200000,0.000000,0.000000
30.412500,12.000000,0.000000,0.000000,0.000000,0.200000,0.000000,0.000000
30.425000,12.000000,0.000000,0.000000,0.000000,0.200000,0.000000,0.000000
30.437500,12.000000,0.000000,0.000000,0.000000,0.200000,0.000000,0.000000
30.450000,12.000000,0.000000,0.000000,0.000000,0.200000,0.000000,0.000000
30.462500,12.000000,0.000000,0.000000,0.000000,0.200000,0.000000,0.000000
30.475000,12.000000,0.000000,0.000000,0.000000,0.200000,0.000000,0.000000
30.487500,12.000000,0.000000,0.000000,0.000000,0.200000,0.000000,0.000000
30.500000,12.000000,0.000000,0.000000,0.000000,0.200000,0.000000,0.000000
30.512500,12.000000,0.000000,0.000000,0.000000,0.200000,0.000000,0.000000
30.525000,12.000000,0.000000,0.000000,0.000000,0.200000,0.000000,0.000000
30.537500,12.000000,0.000000,0.000000,0.000000,0.200000,0.000000,0.000000
30.550000,12.000000,0.000000,0.000000,0.000000,0.200000,0.000000,0.000000
30.562500,12.000000,0.000000,0.000000,0.000000,0.200000,0.000000,0.000000
30.575000,12.000000,0.000000,0.000000,0.000000,0.200000,0.000000,0.000000
30.587500,12.000000,0.000000,0.000000,0.000000,0.200000,0.000000,0.000000
30.600000,12.000000,0.000000,0.000000,0.000000,0.200000,0.000000,0.000000
30.612500,12.000000,0.000000,0.000000,0.000000,0.200000,0.000000,0.000000
30.625000,12.000000,0.000000,0.000000,0.000000,0.200000,0.000000,0.000000
30.637500,12.000000,0.000000,0.000000,0.000000,0.200000,0.000000,0.000000
30.650000,12.000000,0.000000,0.000000,0.000000,0.200000,0.000000,0.000000
30.662500,12.000000,0.000000,0.000000,0.000000,0.200000,0.000000,0.000000
30.675000,12.000000,0.000000,0.000000,0.000000,0.200000,0.000000,0.000000
30.687500,12.000000,0.000000,0.000000,0.000000,0.200000,0.000000,0.000000
30.700000,12.000000,0.000000,0.000000,0.000000,0.200000,0.000000,0.000000
30.712500,12.000000,0.000000,0.000000,0.000000,0.200000,0.000000,0.000000
30.725000,12.000000,0.000000,0.000000,0.000000,0.200000,0.000000,0.000000
30.737500,12.000000,0.000000,0.000000,0.000000,0.200000,0.000000,0.000000
30.750000,12.000000,0.000000,0.000000,0.000000,0.200000,0.000000,0.000000
30.762500,12.000000,0.000000,0.000000,0.000000,0.200000,0.000000,0.000000
30.775000,12.000000,0.000000,0.000000,0.000000,0.200000,0.000000,0.000000
30.787500,12.000000,0.000000,0.000000,0.000000,0.200000,0.000000,0.000000
30.800000,12.000000,0.000000,0.000000,0.000000,0.200000,0.000000,0.000000
30.812500,12.000000,0.000000,0.000000,0.000000,0.200000,0.000000,0.000000
30.825000,12.000000,0.000000,0.000000,0.000000,0.200000,0.000000,0.000000
30.837500,12.000000,0.000000,0.000000,0.000000,0.200000,0.000000,0.000000
30.850000,12.000000,0.000000,0.000000,0.000000,0.200000,0.000000,0.000000
30.862500,12.000000,0.000000,0.000000,0.000000,0.200000,0.000000,0.000000
30.875000,12.000000,0.000000,0.000000,0.000000,0.200000,0.000000,0.000000
30.887500,12.000000,0.000000,0.000000,0.000000,0.200000,0.000000,0.000000
30.900000,12.000000,0.000000,0.000000,0.000000,0.200000,0.000000,0.000000
30.912500,12.000000,0.000000,0.000000,0.000000,0.200000,0.000000,0.000000
30.925000,12.000000,0.000000,0.000000,0.000000,0.200000,0.000000,0.000000
30.937500,12.000000,0.000000,0.000000,0.000000,0.200000,0.000000,0.000000
30.950000,12.000000,0.000000,0.000000,0.000000,0.200000,0.000000,0.000000
30.962500,12.000000,0.000000,0.000000,0.000000,0.200000,0.000000,0.000000
30.975000,12.000000,0.000000,0.000000,0.000000,0.200000,0.000000,0.000000
30.987500,12.000000,0.000000,0.000000,0.000000,0.200000,0.000000,0.000000
31.000000,12.000000,0.000000,0.000000,0.000000,0.200000,0.000000,0.000000
31.012500,12.000000,0.000000,0.000000,0.000000,0.200000,0.000000,0.000000
31.025000,12.000000,0.000000,0.000000,0.000000,0.200000,0.000000,0.000000
31.037500,12.000000,0.000000,0.000000,0.000000,0.200000,0.000000,0.000000
31.050000,12.000000,0.000000,0.000000,0.000000,0.200000,0.000000,0.000000
31.062500,12.000000,0.000000,0.000000,0.000000,0.200000,0.000000,0.000000
31.075000,12.000000,0.000000,0.000000,0.000000,0.200000,0.000000,0.000000
31.087500,12.000000,0.000000,0.000000,0.000000,0.200000,0.000000,0.000000
31.100000,12.000000,0.000000,0.000000,0.000000,0.200000,0.000000,0.000000
31.112500,12.000000,0.000000,0.000000,0.000000,0.200000,0.000000,0.000000
31.125000,12.000000,0.000000,0.000000,0.000000,0.200000,0.000000,0.000000
31.137500,12.000000,0.000000,0.000000,0.000000,0.200000,0.000000,0.000000
31.150000,12.000000,0.000000,0.000000,0.000000,0.200000,0.000000,0.000000
31.162500,12.000000,0.000000,0.000000,0.000000,0.200000,0.000000,0.000000
31.175000,12.000000,0.000000,0.000000,0.000000,0.200000,0.000000,0.000000
31.187500,12.000000,0.000000,0.000000,0.000000,0.200000,0.000000,0.000000
31.200000,12.000000,0.000000,0.000000,0.000000,0.200000,0.000000,0.000000
31.212500,12.000000,0.000000,0.000000,0.000000,0.200000,0.000000,0.000000
31.225000,12.000000,0.000000,0.000000,0.000000,0.200000,0.000000,0.000000
31.237500,12.000000,0.000000,0.000000,0.000000,0.200000,0.000000,0.000000
31.250000,12.000000,0.000000,0.000000,0.000000,0.200000,0.000000,0.000000
31.262500,12.000000,0.000000,0.000000,0.000000,0.200000,0.000000,0.000000
31.275000,12.000000,0.000000,0.000000,0.000000,0.200000,0.000000,0.000000
31.287500,12.000000,0.000000,0.000000,0.000000,0.200000,0.000000,0.000000
31.300000,12.000000,0.000000,0.000000,0.000000,0.200000,0.000000,0.000000
31.312500,12.000000,0.000000,0.000000,0.000000,0.200000,0.000000,0.000000
31.325000,12.000000,0.000000,0.000000,0.000000,0.200000,0.000000,0.000000
31.337500,12.000000,0.000000,0.000000,0.000000,0.200000,0.000000,0.000000
31.350000,12.000000,0.000000,0.000000,0.000000,0.200000,0.000000,0.000000
31.362500,12.000000,0.000000,0.000000,0.000000,0.200000,0.000000,0.000000
31.375000,12.000000,0.000000,0.000000,0.000000,0.200000,0.000000,0.000000
31.387500,12.000000,0.000000,0.000000,0.000000,0.200000,0.000000,0.000000
31.400000,12.000000,0.000000,0.000000,0.000000,0.200000,0.000000,0.000000
31.412500,12.000000,0.000000,0.000000,0.000000,0.200000,0.000000,0.000000
31.425000,12.000000,0.000000,0.000000,0.000000,0.200000,0.000000,0.000000
31.437500,12.000000,0.000000,0.000000,0.000000,0.200000,0.000000,0.000000
31.450000,12.000000,0.000000,0.000000,0.000000,0.200000,0.000000,0.000000
31.462500,12.000000,0.000000,0.000000,0.000000,0.200000,0.000000,0.000000
31.475000,12.000000,0.000000,0.000000,0.000000,0.200000,0.000000,0.000000
31.487500,12.000000,0.000000,0.000000,0.000000,0.200000,0.000000,0.000000
31.500000,12.000000,0.000000,0.000000,0.000000,0.200000,0.000000,0.000000
31.512500,12.000000,0.000000,0.000000,0.000000,0.200000,0.000000,0.000000
31.525000,12.000000,0.000000,0.000000,0.000000,0.200000,0.000000,0.000000
31.537500,12.000000,0.000000,0.000000,0.000000,0.200000,0.000000,0.000000
31.550000,12.000000,0.000000,0.000000,0.000000,0.200000,0.000000,0.000000
31.562500,12.000000,0.000000,0.000000,0.000000,0.200000,0.000000,0.000000
31.575000,12.000000,0.000000,0.000000,0.000000,0.200000,0.000000,0.000000
31.587500,12.000000,0.000000,0.000000,0.000000,0.200000,0.000000,0.000000
31.600000,12.000000,0.000000,0.000000,0.000000,0.200000,0.000000,0.000000
31.612500,12.000000,0.000000,0.000000,0.000000,0.200000,0.000000,0.000000
31.625000,12.000000,0.000000,0.000000,0.000000,0.200000,0.000000,0.000000
31.637500,12.000000,0.000000,0.000000,0.000000,0.200000,0.000000,0.000000
31.650000,12.000000,0.000000,0.000000,0.000000,0.200000,0.000000,0.000000
31.662500,12.000000,0.000000,0.000000,0.000000,0.200000,0.000000,0.000000
31.675000,12.000000,0.000000,0.000000,0.000000,0.200000,0.000000,0.000000
31.687500,12.000000,0.000000,0.000000,0.000000,0.200000,0.000000,0.000000
31.700000,12.000000,0.000000,0.000000,0.000000,0.200000,0.000000,0.000000
31.712500,12.000000,0.000000,0.000000,0.000000,0.200000,0.000000,0.000000
31.725000,12.000000,0.000000,0.000000,0.000000,0.200000,0.000000,0.000000
31.737500,12.000000,0.000000,0.000000,0.000000,0.200000,0.000000,0.000000
31.750000,12.000000,0.000000,0.000000,0.000000,0.200000,0.000000,0.000000
31.762500,12.000000,0.000000,0.000000,0.000000,0.200000,0.000000,0.000000
31.775000,12.000000,0.000000,0.000000,0.000000,0.200000,0.000000,0.000000
31.787500,12.000000,0.000000,0.000000,0.000000,0.200000,0.000000,0.000000
31.800000,12.000000,0.000000,0.000000,0.000000,0.200000,0.000000,0.000000
31.812500,12.000000,0.000000,0.000000,0.000000,0.200000,0.000000,0.000000
31.825000,12.000000,0.000000,0.000000,0.000000,0.200000,0.000000,0.000000
31.837500,12.000000,0.000000,0.000000,0.000000,0.200000,0.000000,0.000000
31.850000,12.000000,0.000000,0.000000,0.000000,0.200000,0.000000,0.000000
31.862500,12.000000,0.000000,0.000000,0.000000,0.200000,0.000000,0.000000
31.875000,12.000000,0.000000,0.000000,0.000000,0.200000,0.000000,0.000000
31.887500,12.000000,0.000000,0.000000,0.000000,0.200000,0.000000,0.000000
31.900000,12.000000,0.000000,0.000000,0.000000,0.200000,0.000000,0.000000
31.912500,12.000000,0.000000,0.000000,0.000000,0.200000,0.000000,0.000000
31.925000,12.000000,0.000000,0.000000,0.000000,0.200000,0.000000,0.000000
31.937500,12.000000,0.000000,0.000000,0.000000,0.200000,0.000000,0.000000
31.950000,12.000000,0.000000,0.000000,0.000000,0.200000,0.000000,0.000000
31.962500,12.000000,0.000000,0.000000,0.000000,0.200000,0.000000,0.000000
31.975000,12.000000,0.000000,0.000000,0.000000,0.200000,0.000000,0.000000
31.987500,12.000000,0.000000,0.000000,0.000000,0.200000,0.000000,0.000000
32.000000,12.000000,0.000000,0.000000,0.000000,0.200000,0.000000,0.000000
32.012500,12.000000,0.000000,0.000000,0.000000,0.200000,0.000000,0.000000
32.025000,12.000000,0.000000,0.000000,0.000000,0.200000,0.000000,0.000000
32.037500,12.000000,0.000000,0.000000,0.000000,0.200000,0.000000,0.000000
32.050000,12.000000,0.000000,0.000000,0.000000,0.200000,0.000000,0.000000
32.062500,12.000000,0.000000,0.000000,0.000000,0.200000,0.000000,0.000000
32.075000,12.000000,0.000000,0.000000,0.000000,0.200000,0.000000,0.000000
32.087500,12.000000,0.000000,0.000000,0.000000,0.200000,0.000000,0.000000
32.100000,12.000000,0.000000,0.000000,0.000000,0.200000,0.000000,0.000000
32.112500,12.000000,0.000000,0.000000,0.000000,0.200000,0.000000,0.000000
32.125000,12.000000,0.000000,0.000000,0.000000,0.200000,0.000000,0.000000
32.137500,12.000000,0.000000,0.000000,0.000000,0.200000,0.000000,0.000000
32.150000,12.000000,0.000000,0.000000,0.000000,0.200000,0.000000,0.000000
32.162500,12.000000,0.000000,0.000000,0.000000,0.200000,0.000000,0.000000
32.175000,12.000000,0.000000,0.000000,0.000000,0.200000,0.000000,0.000000
32.187500,12.000000,0.000000,0.000000,0.000000,0.200000,0.000000,0.000000
32.200000,12.000000,0.000000,0.000000,0.000000,0.200000,0.000000,0.000000
32.212500,12.000000,0.000000,0.000000,0.000000,0.200000,0.000000,0.000000
32.225000,12.000000,0.000000,0.000000,0.000000,0.200000,0.000000,0.000000
32.237500,12.000000,0.000000,0.000000,0.000000,0.200000,0.000000,0.000000
32.250000,12.000000,0.000000,0.000000,0.000000,0.200000,0.000000,0.000000
32.262500,12.000000,0.000000,0.000000,0.000000,0.200000,0.000000,0.000000
32.275000,12.000000,0.000000,0.000000,0.000000,0.200000,0.000000,0.000000
32.287500,12.000000,0.000000,0.000000,0.000000,0.200000,0.000000,0.000000
32.300000,12.000000,0.000000,0.000000,0.000000,0.200000,0.000000,0.000000
32.312500,12.000000,0.000000,0.000000,0.000000,0.200000,0.000000,0.000000
32.325000,12.000000,0.000000,0.000000,0.000000,0.200000,0.000000,0.000000
32.337500,12.000000,0.000000,0.000000,0.000000,0.200000,0.000000,0.000000
32.350000,12.000000,0.000000,0.000000,0.000000,0.200000,0.000000,0.000000
32.362500,12.000000,0.000000,0.000000,0.000000,0.200000,0.000000,0.000000
32.375000,12.000000,0.000000,0.000000,0.000000,0.200000,0.000000,0.000000
32.387500,12.000000,0.000000,0.000000,0.000000,0.200000,0.000000,0.000000
32.400000,12.000000,0.000000,0.000000,0.000000,0.200000,0.000000,0.000000
32.412500,12.000000,0.000000,0.000000,0.000000,0.200000,0.000000,0.000000
32.425000,12.000000,0.000000,0.000000,0.000000,0.200000,0.000000,0.000000
32.437500,12.000000,0.000000,0.000000,0.000000,0.200000,0.000000,0.000000
32.450000,12.000000,0.000000,0.000000,0.000000,0.200000,0.000000,0.000000
32.462500,12.000000,0.000000,0.000000,0.000000,0.200000,0.000000,0.000000
32.475000,12.000000,0.000000,0.000000,0.000000,0.200000,0.000000,0.000000
32.487500,12.000000,0.000000,0.000000,0.000000,0.200000,0.000000,0.000000
32.500000,12.000000,0.000000,0.000000,0.000000,0.200000,0.000000,0.000000
32.512500,12.000000,0.000000,0.000000,0.000000,0.200000,0.000000,0.000000
32.525000,12.000000,0.000000,0.000000,0.000000,0.200000,0.000000,0.000000
32.537500,12.000000,0.000000,0.000000,0.000000,0.200000,0.000000,0.000000
32.550000,12.000000,0.000000,0.000000,0.000000,0.200000,0.000000,0.000000
32.562500,12.000000,0.000000,0.000000,0.000000,0.200000,0.000000,0.000000
32.575000,12.000000,0.000000,0.000000,0.000000,0.200000,0.000000,0.000000
32.587500,12.000000,0.000000,0.000000,0.000000,0.200000,0.000000,0.000000
32.600000,12.000000,0.000000,0.000000,0.000000,0.200000,0.000000,0.000000
32.612500,12.000000,0.000000,0.000000,0.000000,0.200000,0.000000,0.000000
32.625000,12.000000,0.000000,0.000000,0.000000,0.200000,0.000000,0.000000
32.637500,12.000000,0.000000,0.000000,0.000000,0.200000,0.000000,0.000000
32.650000,12.000000,0.000000,0.000000,0.000000,0.200000,0.000000,0.000000
32.662500,12.000000,0.000000,0.000000,0.000000,0.200000,0.000000,0.000000
32.675000,12.000000,0.000000,0.000000,0.000000,0.200000,0.000000,0.000000
32.687500,12.000000,0.000000,0.000000,0.000000,0.200000,0.000000,0.000000
32.700000,12.000000,0.000000,0.000000,0.000000,0.200000,0.000000,0.000000
32.712500,12.000000,0.000000,0.000000,0.000000,0.200000,0.000000,0.000000
32.725000,12.000000,0.000000,0.000000,0.000000,0.200000,0.000000,0.000000
32.737500,12.000000,0.000000,0.000000,0.000000,0.200000,0.000000,0.000000
32.750000,12.000000,0.000000,0.000000,0.000000,0.200000,0.000000,0.000000
32.762500,12.000000,0.000000,0.000000,0.000000,0.200000,0.000000,0.000000
32.775000,12.000000,0.000000,0.000000,0.000000,0.200000,0.000000,0.000000
32.787500,12.000000,0.000000,0.000000,0.000000,0.200000,0.000000,0.000000
32.800000,12.000000,0.000000,0.000000,0.000000,0.200000,0.000000,0.000000
32.812500,12.000000,0.000000,0.000000,0.000000,0.200000,0.000000,0.000000
32.825000,12.000000,0.000000,0.000000,0.000000,0.200000,0.000000,0.000000
32.837500,12.000000,0.000000,0.000000,0.000000,0.200000,0.000000,0.000000
32.850000,12.000000,0.000000,0.000000,0.000000,0.200000,0.000000,0.000000
32.862500,12.000000,0.000000,0.000000,0.000000,0.200000,0.000000,0.000000
32.875000,12.000000,0.000000,0.000000,0.000000,0.200000,0.000000,0.000000
32.887500,12.000000,0.000000,0.000000,0.000000,0.200000,0.000000,0.000000
32.900000,12.000000,0.000000,0.000000,0.000000,0.200000,0.000000,0.000000
32.912500,12.000000,0.000000,0.000000,0.000000,0.200000,0.000000,0.000000
32.925000,12.000000,0.000000,0.000000,0.000000,0.200000,0.000000,0.000000
32.937500,12.000000,0.000000,0.000000,0.000000,0.200000,0.000000,0.000000
32.950000,12.000000,0.000000,0.000000,0.000000,0.200000,0.000000,0.000000
32.962500,12.000000,0.000000,0.000000,0.000000,0.200000,0.000000,0.000000
32.975000,12.000000,0.000000,0.000000,0.000000,0.200000,0.000000,0.000000
32.987500,12.000000,0.000000,0.000000,0.000000,0.200000,0.000000,0.000000
33.000000,12.000000,0.000000,0.000000,0.000000,0.200000,0.000000,0.000000
33.012500,12.000000,0.000000,0.000000,0.000000,0.200000,0.000000,0.000000
33.025000,12.000000,0.000000,0.000000,0.000000,0.200000,0.000000,0.000000
33.037500,12.000000,0.000000,0.000000,0.000000,0.200000,0.000000,0.000000
33.050000,12.000000,0.000000,0.000000,0.000000,0.200000,0.000000,0.000000
33.062500,12.000000,0.000000,0.000000,0.000000,0.200000,0.000000,0.000000
33.075000,12.000000,0.000000,0.000000,0.000000,0.200000,0.000000,0.000000
33.087500,12.000000,0.000000,0.000000,0.000000,0.200000,0.000000,0.000000
33.100000,12.000000,0.000000,0.000000,0.000000,0.200000,0.000000,0.000000
33.112500,12.000000,0.000000,0.000000,0.000000,0.200000,0.000000,0.000000
33.125000,12.000000,0.000000,0.000000,0.000000,0.200000,0.000000,0.000000
33.137500,12.000000,0.000000,0.000000,0.000000,0.200000,0.000000,0.000000
33.150000,12.000000,0.000000,0.000000,0.000000,0.200000,0.000000,0.000000
33.162500,12.000000,0.000000,0.000000,0.000000,0.200000,0.000000,0.000000
33.175000,12.000000,0.000000,0.000000,0.000000,0.200000,0.000000,0.000000
33.187500,12.000000,0.000000,0.000000,0.000000,0.200000,0.000000,0.000000
33.200000,12.000000,0.000000,0.000000,0.000000,0.200000,0.000000,0.000000
33.212500,12.000000,0.000000,0.000000,0.000000,0.200000,0.000000,0.000000
33.225000,12.000000,0.000000,0.000000,0.000000,0.200000,0.000000,0.000000
33.237500,12.000000,0.000000,0.000000,0.000000,0.200000,0.000000,0.000000
33.250000,12.000000,0.000000,0.000000,0.000000,0.200000,0.000000,0.000000
33.262500,12.000000,0.000000,0.000000,0.000000,0.200000,0.000000,0.000000
33.275000,12.000000,0.000000,0.000000,0.000000,0.200000,0.000000,0.000000
33.287500,12.000000,0.000000,0.000000,0.000000,0.200000,0.000000,0.000000
33.300000,12.000000,0.000000,0.000000,0.000000,0.200000,0.000000,0.000000
33.312500,12.000000,0.000000,0.000000,0.000000,0.200000,0.000000,0.000000
33.325000,12.000000,0.000000,0.000000,0.000000,0.200000,0.000000,0.000000
33.337500,12.000000,0.000000,0.000000,0.000000,0.200000,0.000000,0.000000
33.350000,12.000000,0.000000,0.000000,0.000000,0.200000,0.000000,0.000000
33.362500,12.000000,0.000000,0.000000,0.000000,0.200000,0.000000,0.000000
33.375000,12.000000,0.000000,0.000000,0.000000,0.200000,0.000000,0.000000
33.387500,12.000000,0.000000,0.000000,0.000000,0.200000,0.000000,0.000000
33.400000,12.000000,0.000000,0.000000,0.000000,0.200000,0.000000,0.000000
33.412500,12.000000,0.000000,0.000000,0.000000,0.200000,0.000000,0.000000
33.425000,12.000000,0.000000,0.000000,0.000000,0.200000,0.000000,0.000000
33.437500,12.000000,0.000000,0.000000,0.000000,0.200000,0.000000,0.000000
33.450000,12.000000,0.000000,0.000000,0.000000,0.200000,0.000000,0.000000
33.462500,12.000000,0.000000,0.000000,0.000000,0.200000,0.000000,0.000000
33.475000,12.000000,0.000000,0.000000,0.000000,0.200000,0.000000,0.000000
33.487500,12.000000,0.000000,0.000000,0.000000,0.200000,0.000000,0.000000
33.500000,12.000000,0.000000,0.000000,0.000000,0.200000,0.000000,0.000000
33.512500,12.000000,0.000000,0.000000,0.000000,0.200000,0.000000,0.000000
33.525000,12.000000,0.000000,0.000000,0.000000,0.200000,0.000000,0.000000
33.537500,12.000000,0.000000,0.000000,0.000000,0.200000,0.000000,0.000000
33.550000,12.000000,0.000000,0.000000,0.000000,0.200000,0.000000,0.000000
33.562500,12.000000,0.000000,0.000000,0.000000,0.200000,0.000000,0.000000
33.575000,12.000000,0.000000,0.000000,0.000000,0.200000,0.000000,0.000000
33.587500,12.000000,0.000000,0.000000,0.000000,0.200000,0.000000,0.000000
33.600000,12.000000,0.000000,0.000000,0.000000,0.200000,0.000000,0.000000
33.612500,12.000000,0.000000,0.000000,0.000000,0.200000,0.000000,0.000000
33.625000,12.000000,0.000000,0.000000,0.000000,0.200000,0.000000,0.000000
33.637500,12.000000,0.000000,0.000000,0.000000,0.200000,0.000000,0.000000
33.650000,12.000000,0.000000,0.000000,0.000000,0.200000,0.000000,0.000000
33.662500,12.000000,0.000000,0.000000,0.000000,0.200000,0.000000,0.000000
33.675000,12.000000,0.000000,0.000000,0.000000,0.200000,0.000000,0.000000
33.687500,12.000000,0.000000,0.000000,0.000000,0.200000,0.000000,0.000000
33.700000,12.000000,0.000000,0.000000,0.000000,0.200000,0.000000,0.000000
33.712500,12.000000,0.000000,0.000000,0.000000,0.200000,0.000000,0.000000
33.725000,12.000000,0.000000,0.000000,0.000000,0.200000,0.000000,0.000000
33.737500,12.000000,0.000000,0.000000,0.000000,0.200000,0.000000,0.000000
33.750000,12.000000,0.000000,0.000000,0.000000,0.200000,0.000000,0.000000
33.762500,12.000000,0.000000,0.000000,0.000000,0.200000,0.000000,0.000000
33.775000,12.000000,0.000000,0.000000,0.000000,0.200000,0.000000,0.000000
33.787500,12.000000,0.000000,0.000000,0.000000,0.200000,0.000000,0.000000
33.800000,12.000000,0.000000,0.000000,0.000000,0.200000,0.000000,0.000000
33.812500,12.000000,0.000000,0.000000,0.000000,0.200000,0.000000,0.000000
33.825000,12.000000,0.000000,0.000000,0.000000,0.200000,0.000000,0.000000
33.837500,12.000000,0.000000,0.000000,0.000000,0.200000,0.000000,0.000000
33.850000,12.000000,0.000000,0.000000,0.000000,0.200000,0.000000,0.000000
33.862500,12.000000,0.000000,0.000000,0.000000,0.200000,0.000000,0.000000
33.875000,12.000000,0.000000,0.000000,0.000000,0.200000,0.000000,0.000000
33.887500,12.000000,0.000000,0.000000,0.000000,0.200000,0.000000,0.000000
33.900000,12.000000,0.000000,0.000000,0.000000,0.200000,0.000000,0.000000
33.912500,12.000000,0.000000,0.000000,0.000000,0.200000,0.000000,0.000000
33.925000,12.000000,0.000000,0.000000,0.000000,0.200000,0.000000,0.000000
33.937500,12.000000,0.000000,0.000000,0.000000,0.200000,0.000000,0.000000
33.950000,12.000000,0.000000,0.000000,0.000000,0.200000,0.000000,0.000000
33.962500,12.000000,0.000000,0.000000,0.000000,0.200000,0.000000,0.000000
33.975000,12.000000,0.000000,0.000000,0.000000,0.200000,0.000000,0.000000
33.987500,12.000000,0.000000,0.000000,0.000000,0.200000,0.000000,0.000000
34.000000,12.000000,0.000000,0.000000,0.000000,0.200000,0.000000,0.000000
34.012500,12.000000,0.000000,0.000000,0.000000,0.200000,0.000000,0.000000
34.025000,12.000000,0.000000,0.000000,0.000000,0.200000,0.000000,0.000000
34.037500,12.000000,0.000000,0.000000,0.000000,0.200000,0.000000,0.000000
34.050000,12.000000,0.000000,0.000000,0.000000,0.200000,0.000000,0.000000
34.062500,12.000000,0.000000,0.000000,0.000000,0.200000,0.000000,0.000000
34.075000,12.000000,0.000000,0.000000,0.000000,0.200000,0.000000,0.000000
34.087500,12.000000,0.000000,0.000000,0.000000,0.200000,0.000000,0.000000
34.100000,12.000000,0.000000,0.000000,0.000000,0.200000,0.000000,0.000000
34.112500,12.000000,0.000000,0.000000,0.000000,0.200000,0.000000,0.000000
34.125000,12.000000,0.000000,0.000000,0.000000,0.200000,0.000000,0.000000
34.137500,12.000000,0.000000,0.000000,0.000000,0.200000,0.000000,0.000000
34.150000,12.000000,0.000000,0.000000,0.000000,0.200000,0.000000,0.000000
34.162500,12.000000,0.000000,0.000000,0.000000,0.200000,0.000000,0.000000
34.175000,12.000000,0.000000,0.000000,0.000000,0.200000,0.000000,0.000000
34.187500,12.000000,0.000000,0.000000,0.000000,0.200000,0.000000,0.000000
34.200000,12.000000,0.000000,0.000000,0.000000,0.200000,0.000000,0.000000
34.212500,12.000000,0.000000,0.000000,0.000000,0.200000,0.000000,0.000000
34.225000,12.000000,0.000000,0.000000,0.000000,0.200000,0.000000,0.000000
34.237500,12.000000,0.000000,0.000000,0.000000,0.200000,0.000000,0.000000
34.250000,12.000000,0.000000,0.000000,0.000000,0.200000,0.000000,0.000000
34.262500,12.000000,0.000000,0.000000,0.000000,0.200000,0.000000,0.000000
34.275000,12.000000,0.000000,0.000000,0.000000,0.200000,0.000000,0.000000
34.287500,12.000000,0.000000,0.000000,0.000000,0.200000,0.000000,0.000000
34.300000,12.000000,0.000000,0.000000,0.000000,0.200000,0.000000,0.000000
34.312500,12.000000,0.000000,0.000000,0.000000,0.200000,0.000000,0.000000
34.325000,12.000000,0.000000,0.000000,0.000000,0.200000,0.000000,0.000000
34.337500,12.000000,0.000000,0.000000,0.000000,0.200000,0.000000,0.000000
34.350000,12.000000,0.000000,0.000000,0.000000,0.200000,0.000000,0.000000
34.362500,12.000000,0.000000,0.000000,0.000000,0.200000,0.000000,0.000000
34.375000,12.000000,0.000000,0.000000,0.000000,0.200000,0.000000,0.000000
34.387500,12.000000,0.000000,0.000000,0.000000,0.200000,0.000000,0.000000
34.400000,12.000000,0.000000,0.000000,0.000000,0.200000,0.000000,0.000000
34.412500,12.000000,0.000000,0.000000,0.000000,0.200000,0.000000,0.000000
34.425000,12.000000,0.000000,0.000000,0.000000,0.200000,0.000000,0.000000
34.437500,12.000000,0.000000,0.000000,0.000000,0.200000,0.000000,0.000000
34.450000,12.000000,0.000000,0.000000,0.000000,0.200000,0.000000,0.000000
34.462500,12.000000,0.000000,0.000000,0.000000,0.200000,0.000000,0.000000
34.475000,12.000000,0.000000,0.000000,0.000000,0.200000,0.000000,0.000000
34.487500,12.000000,0.000000,0.000000,0.000000,0.200000,0.000000,0.000000
34.500000,12.000000,0.000000,0.000000,0.000000,0.200000,0.000000,0.000000
34.512500,12.000000,0.000000,0.000000,0.000000,0.200000,0.000000,0.000000
34.525000,12.000000,0.000000,0.000000,0.000000,0.200000,0.000000,0.000000
34.537500,12.000000,0.000000,0.000000,0.000000,0.200000,0.000000,0.000000
34.550000,12.000000,0.000000,0.000000,0.000000,0.200000,0.000000,0.000000
34.562500,12.000000,0.000000,0.000000,0.000000,0.200000,0.000000,0.000000
34.575000,12.000000,0.000000,0.000000,0.000000,0.200000,0.000000,0.000000
34.587500,12.000000,0.000000,0.000000,0.000000,0.200000,0.000000,0.000000
34.600000,12.000000,0.000000,0.000000,0.000000,0.200000,0.000000,0.000000
34.612500,12.000000,0.000000,0.000000,0.000000,0.200000,0.000000,0.000000
34.625000,12.000000,0.000000,0.000000,0.000000,0.200000,0.000000,0.000000
34.637500,12.000000,0.000000,0.000000,0.000000,0.200000,0.000000,0.000000
34.650000,12.000000,0.000000,0.000000,0.000000,0.200000,0.000000,0.000000
34.662500,12.000000,0.000000,0.000000,0.000000,0.200000,0.000000,0.000000
34.675000,12.000000,0.000000,0.000000,0.000000,0.200000,0.000000,0.000000
34.687500,12.000000,0.000000,0.000000,0.000000,0.200000,0.000000,0.000000
34.700000,12.000000,0.000000,0.000000,0.000000,0.200000,0.000000,0.000000
34.712500,12.000000,0.000000,0.000000,0.000000,0.200000,0.000000,0.000000
34.725000,12.000000,0.000000,0.000000,0.000000,0.200000,0.000000,0.000000
34.737500,12.000000,0.000000,0.000000,0.000000,0.200000,0.000000,0.000000
34.750000,12.000000,0.000000,0.000000,0.000000,0.200000,0.000000,0.000000
34.762500,12.000000,0.000000,0.000000,0.000000,0.200000,0.000000,0.000000
34.775000,12.000000,0.000000,0.000000,0.000000,0.200000,0.000000,0.000000
34.787500,12.000000,0.000000,0.000000,0.000000,0.200000,0.000000,0.000000
34.800000,12.000000,0.000000,0.000000,0.000000,0.200000,0.000000,0.000000
34.812500,12.000000,0.000000,0.000000,0.000000,0.200000,0.000000,0.000000
34.825000,12.000000,0.000000,0.000000,0.000000,0.200000,0.000000,0.000000
34.837500,12.000000,0.000000,0.000000,0.000000,0.200000,0.000000,0.000000
34.850000,12.000000,0.000000,0.000000,0.000000,0.200000,0.000000,0.000000
34.862500,12.000000,0.000000,0.000000,0.000000,0.200000,0.000000,0.000000
34.875000,12.000000,0.000000,0.000000,0.000000,0.200000,0.000000,0.000000
34.887500,12.000000,0.000000,0.000000,0.000000,0.200000,0.000000,0.000000
34.900000,12.000000,0.000000,0.000000,0.000000,0.200000,0.000000,0.000000
34.912500,12.000000,0.000000,0.000000,0.000000,0.200000,0.000000,0.000000
34.925000,12.000000,0.000000,0.000000,0.000000,0.200000,0.000000,0.000000
34.937500,12.000000,0.000000,0.000000,0.000000,0.200000,0.000000,0.000000
34.950000,12.000000,0.000000,0.000000,0.000000,0.200000,0.000000,0.000000
34.962500,12.000000,0.000000,0.000000,0.000000,0.200000,0.000000,0.000000
34.975000,12.000000,0.000000,0.000000,0.000000,0.200000,0.000000,0.000000
34.987500,12.000000,0.000000,0.000000,0.000000,0.200000,0.000000,0.000000
35.000000,12.000000,0.000000,0.000000,0.000000,0.200000,0.000000,0.000000
35.012500,12.000000,0.000000,0.000000,0.000000,0.200000,0.000000,0.000000
35.025000,12.000000,0.000000,0.000000,0.000000,0.200000,0.000000,0.000000
35.037500,12.000000,0.000000,0.000000,0.000000,0.200000,0.000000,0.000000
35.050000,12.000000,0.000000,0.000000,0.000000,0.200000,0.000000,0.000000
35.062500,12.000000,0.000000,0.000000,0.000000,0.200000,0.000000,0.000000
35.075000,12.000000,0.000000,0.000000,0.000000,0.200000,0.000000,0.000000
35.087500,12.000000,0.000000,0.000000,0.000000,0.200000,0.000000,0.000000
35.100000,12.000000,0.000000,0.000000,0.000000,0.200000,0.000000,0.000000
35.112500,12.000000,0.000000,0.000000,0.000000,0.200000,0.000000,0.000000
35.125000,12.000000,0.000000,0.000000,0.000000,0.200000,0.000000,0.000000
35.137500,12.000000,0.000000,0.000000,0.000000,0.200000,0.000000,0.000000
35.150000,12.000000,0.000000,0.000000,0.000000,0.200000,0.000000,0.000000
35.162500,12.000000,0.000000,0.000000,0.000000,0.200000,0.000000,0.000000
35.175000,12.000000,0.000000,0.000000,0.000000,0.200000,0.000000,0.000000
35.187500,12.000000,0.000000,0.000000,0.000000,0.200000,0.000000,0.000000
35.200000,12.000000,0.000000,0.000000,0.000000,0.200000,0.000000,0.000000
35.212500,12.000000,0.000000,0.000000,0.000000,0.200000,0.000000,0.000000
35.225000,12.000000,0.000000,0.000000,0.000000,0.200000,0.000000,0.000000
35.237500,12.000000,0.000000,0.000000,0.000000,0.200000,0.000000,0.000000
35.250000,12.000000,0.000000,0.000000,0.000000,0.200000,0.000000,0.000000
35.262500,12.000000,0.000000,0.000000,0.000000,0.200000,0.000000,0.000000
35.275000,12.000000,0.000000,0.000000,0.000000,0.200000,0.000000,0.000000
35.287500,12.000000,0.000000,0.000000,0.000000,0.200000,0.000000,0.000000
35.300000,12.000000,0.000000,0.000000,0.000000,0.200000,0.000000,0.000000
35.312500,12.000000,0.000000,0.000000,0.000000,0.200000,0.000000,0.000000
35.325000,12.000000,0.000000,0.000000,0.000000,0.200000,0.000000,0.000000
35.337500,12.000000,0.000000,0.000000,0.000000,0.200000,0.000000,0.000000
35.350000,12.000000,0.000000,0.000000,0.000000,0.200000,0.000000,0.000000
35.362500,12.000000,0.000000,0.000000,0.000000,0.200000,0.000000,0.000000
35.375000,12.000000,0.000000,0.000000,0.000000,0.200000,0.000000,0.000000
35.387500,12.000000,0.000000,0.000000,0.000000,0.200000,0.000000,0.000000
35.400000,12.000000,0.000000,0.000000,0.000000,0.200000,0.000000,0.000000
35.412500,12.000000,0.000000,0.000000,0.000000,0.200000,0.000000,0.000000
35.425000,12.000000,0.000000,0.000000,0.000000,0.200000,0.000000,0.000000
35.437500,12.000000,0.000000,0.000000,0.000000,0.200000,0.000000,0.000000
35.450000,12.000000,0.000000,0.000000,0.000000,0.200000,0.000000,0.000000
35.462500,12.000000,0.000000,0.000000,0.000000,0.200000,0.000000,0.000000
35.475000,12.000000,0.000000,0.000000,0.000000,0.200000,0.000000,0.000000
35.487500,12.000000,0.000000,0.000000,0.000000,0.200000,0.000000,0.000000
35.500000,12.000000,0.000000,0.000000,0.000000,0.200000,0.000000,0.000000
35.512500,12.000000,0.000000,0.000000,0.000000,0.200000,0.000000,0.000000
35.525000,12.000000,0.000000,0.000000,0.000000,0.200000,0.000000,0.000000
35.537500,12.000000,0.000000,0.000000,0.000000,0.200000,0.000000,0.000000
35.550000,12.000000,0.000000,0.000000,0.000000,0.200000,0.000000,0.000000
35.562500,12.000000,0.000000,0.000000,0.000000,0.200000,0.000000,0.000000
35.575000,12.000000,0.000000,0.000000,0.000000,0.200000,0.000000,0.000000
35.587500,12.000000,0.000000,0.000000,0.000000,0.200000,0.000000,0.000000
35.600000,12.000000,0.000000,0.000000,0.000000,0.200000,0.000000,0.000000
35.612500,12.000000,0.000000,0.000000,0.000000,0.200000,0.000000,0.000000
35.625000,12.000000,0.000000,0.000000,0.000000,0.200000,0.000000,0.000000
35.637500,12.000000,0.000000,0.000000,0.000000,0.200000,0.000000,0.000000
35.650000,12.000000,0.000000,0.000000,0.000000,0.200000,0.000000,0.000000
35.662500,12.000000,0.000000,0.000000,0.000000,0.200000,0.000000,0.000000
35.675000,12.000000,0.000000,0.000000,0.000000,0.200000,0.000000,0.000000
35.687500,12.000000,0.000000,0.000000,0.000000,0.200000,0.000000,0.000000
35.700000,12.000000,0.000000,0.000000,0.000000,0.200000,0.000000,0.000000
35.712500,12.000000,0.000000,0.000000,0.000000,0.200000,0.000000,0.000000
35.725000,12.000000,0.000000,0.000000,0.000000,0.200000,0.000000,0.000000
35.737500,12.000000,0.000000,0.000000,0.000000,0.200000,0.000000,0.000000
35.750000,12.000000,0.000000,0.000000,0.000000,0.200000,0.000000,0.000000
35.762500,12.000000,0.000000,0.000000,0.000000,0.200000,0.000000,0.000000
35.775000,12.000000,0.000000,0.000000,0.000000,0.200000,0.000000,0.000000
35.787500,12.000000,0.000000,0.000000,0.000000,0.200000,0.000000,0.000000
35.800000,12.000000,0.000000,0.000000,0.000000,0.200000,0.000000,0.000000
35.812500,12.000000,0.000000,0.000000,0.000000,0.200000,0.000000,0.000000
35.825000,12.000000,0.000000,0.000000,0.000000,0.200000,0.000000,0.000000
35.837500,12.000000,0.000000,0.000000,0.000000,0.200000,0.000000,0.000000
35.850000,12.000000,0.000000,0.000000,0.000000,0.200000,0.000000,0.000000
35.862500,12.000000,0.000000,0.000000,0.000000,0.200000,0.000000,0.000000
35.875000,12.000000,0.000000,0.000000,0.000000,0.200000,0.000000,0.000000
35.887500,12.000000,0.000000,0.000000,0.000000,0.200000,0.000000,0.000000
35.900000,12.000000,0.000000,0.000000,0.000000,0.200000,0.000000,0.000000
35.912500,12.000000,0.000000,0.000000,0.000000,0.200000,0.000000,0.000000
35.925000,12.000000,0.000000,0.000000,0.000000,0.200000,0.000000,0.000000
35.937500,12.000000,0.000000,0.000000,0.000000,0.200000,0.000000,0.000000
35.950000,12.000000,0.000000,0.000000,0.000000,0.200000,0.000000,0.000000
35.962500,12.000000,0.000000,0.000000,0.000000,0.200000,0.000000,0.000000
35.975000,12.000000,0.000000,0.000000,0.000000,0.200000,0.000000,0.000000
35.987500,12.000000,0.000000,0.000000,0.000000,0.200000,0.000000,0.000000
36.000000,12.000000,0.000000,0.000000,0.000000,0.200000,0.000000,0.000000
36.012500,12.000000,0.000000,0.000000,0.000000,0.200000,0.000000,0.000000
36.025000,12.000000,0.000000,0.000000,0.000000,0.200000,0.000000,0.000000
36.037500,12.000000,0.000000,0.000000,0.000000,0.200000,0.000000,0.000000
36.050000,12.000000,0.000000,0.000000,0.000000,0.200000,0.000000,0.000000
36.062500,12.000000,0.000000,0.000000,0.000000,0.200000,0.000000,0.000000
36.075000,12.000000,0.000000,0.000000,0.000000,0.200000,0.000000,0.000000
36.087500,12.000000,0.000000,0.000000,0.000000,0.200000,0.000000,0.000000
36.100000,12.000000,0.000000,0.000000,0.000000,0.200000,0.000000,0.000000
36.112500,12.000000,0.000000,0.000000,0.000000,0.200000,0.000000,0.000000
36.125000,12.000000,0.000000,0.000000,0.000000,0.200000,0.000000,0.000000
36.137500,12.000000,0.000000,0.000000,0.000000,0.200000,0.000000,0.000000
36.150000,12.000000,0.000000,0.000000,0.000000,0.200000,0.000000,0.000000
36.162500,12.000000,0.000000,0.000000,0.000000,0.200000,0.000000,0.000000
36.175000,12.000000,0.000000,0.000000,0.000000,0.200000,0.000000,0.000000
36.187500,12.000000,0.000000,0.000000,0.000000,0.200000,0.000000,0.000000
36.200000,12.000000,0.000000,0.000000,0.000000,0.200000,0.000000,0.000000
36.212500,12.000000,0.000000,0.000000,0.000000,0.200000,0.000000,0.000000
36.225000,12.000000,0.000000,0.000000,0.000000,0.200000,0.000000,0.000000
36.237500,12.000000,0.000000,0.000000,0.000000,0.200000,0.000000,0.000000
36.250000,12.000000,0.000000,0.000000,0.000000,0.200000,0.000000,0.000000
36.262500,12.000000,0.000000,0.000000,0.000000,0.200000,0.000000,0.000000
36.275000,12.000000,0.000000,0.000000,0.000000,0.200000,0.000000,0.000000
36.287500,12.000000,0.000000,0.000000,0.000000,0.200000,0.000000,0.000000
36.300000,12.000000,0.000000,0.000000,0.000000,0.200000,0.000000,0.000000
36.312500,12.000000,0.000000,0.000000,0.000000,0.200000,0.000000,0.000000
36.325000,12.000000,0.000000,0.000000,0.000000,0.200000,0.000000,0.000000
36.337500,12.000000,0.000000,0.000000,0.000000,0.200000,0.000000,0.000000
36.350000,12.000000,0.000000,0.000000,0.000000,0.200000,0.000000,0.000000
36.362500,12.000000,0.000000,0.000000,0.000000,0.200000,0.000000,0.000000
36.375000,12.000000,0.000000,0.000000,0.000000,0.200000,0.000000,0.000000
36.387500,12.000000,0.000000,0.000000,0.000000,0.200000,0.000000,0.000000
36.400000,12.000000,0.000000,0.000000,0.000000,0.200000,0.000000,0.000000
36.412500,12.000000,0.000000,0.000000,0.000000,0.200000,0.000000,0.000000
36.425000,12.000000,0.000000,0.000000,0.000000,0.200000,0.000000,0.000000
36.437500,12.000000,0.000000,0.000000,0.000000,0.200000,0.000000,0.000000
36.450000,12.000000,0.000000,0.000000,0.000000,0.200000,0.000000,0.000000
36.462500,12.000000,0.000000,0.000000,0.000000,0.200000,0.000000,0.000000
36.475000,12.000000,0.000000,0.000000,0.000000,0.200000,0.000000,0.000000
36.487500,12.000000,0.000000,0.000000,0.000000,0.200000,0.000000,0.000000
36.500000,12.000000,0.000000,0.000000,0.000000,0.200000,0.000000,0.000000
36.512500,12.000000,0.000000,0.000000,0.000000,0.200000,0.000000,0.000000
36.525000,12.000000,0.000000,0.000000,0.000000,0.200000,0.000000,0.000000
36.537500,12.000000,0.000000,0.000000,0.000000,0.200000,0.000000,0.000000
36.550000,12.000000,0.000000,0.000000,0.000000,0.200000,0.000000,0.000000
36.562500,12.000000,0.000000,0.000000,0.000000,0.200000,0.000000,0.000000
36.575000,12.000000,0.000000,0.000000,0.000000,0.200000,0.000000,0.000000
36.587500,12.000000,0.000000,0.000000,0.000000,0.200000,0.000000,0.000000
36.600000,12.000000,0.000000,0.000000,0.000000,0.200000,0.000000,0.000000
36.612500,12.000000,0.000000,0.000000,0.000000,0.200000,0.000000,0.000000
36.625000,12.000000,0.000000,0.000000,0.000000,0.200000,0.000000,0.000000
36.637500,12.000000,0.000000,0.000000,0.000000,0.200000,0.000000,0.000000
36.650000,12.000000,0.000000,0.000000,0.000000,0.200000,0.000000,0.000000
36.662500,12.000000,0.000000,0.000000,0.000000,0.200000,0.000000,0.000000
36.675000,12.000000,0.000000,0.000000,0.000000,0.200000,0.000000,0.000000
36.687500,12.000000,0.000000,0.000000,0.000000,0.200000,0.000000,0.000000
36.700000,12.000000,0.000000,0.000000,0.000000,0.200000,0.000000,0.000000
36.712500,12.000000,0.000000,0.000000,0.000000,0.200000,0.000000,0.000000
36.725000,12.000000,0.000000,0.000000,0.000000,0.200000,0.000000,0.000000
36.737500,12.000000,0.000000,0.000000,0.000000,0.200000,0.000000,0.000000
36.750000,12.000000,0.000000,0.000000,0.000000,0.200000,0.000000,0.000000
36.762500,12.000000,0.000000,0.000000,0.000000,0.200000,0.000000,0.000000
36.775000,12.000000,0.000000,0.000000,0.000000,0.200000,0.000000,0.000000
36.787500,12.000000,0.000000,0.000000,0.000000,0.200000,0.000000,0.000000
36.800000,12.000000,0.000000,0.000000,0.000000,0.200000,0.000000,0.000000
36.812500,12.000000,0.000000,0.000000,0.000000,0.200000,0.000000,0.000000
36.825000,12.000000,0.000000,0.000000,0.000000,0.200000,0.000000,0.000000
36.837500,12.000000,0.000000,0.000000,0.000000,0.200000,0.000000,0.000000
36.850000,12.000000,0.000000,0.000000,0.000000,0.200000,0.000000,0.000000
36.862500,12.000000,0.000000,0.000000,0.000000,0.200000,0.000000,0.000000
36.875000,12.000000,0.000000,0.000000,0.000000,0.200000,0.000000,0.000000
36.887500,12.000000,0.000000,0.000000,0.000000,0.200000,0.000000,0.000000
36.900000,12.000000,0.000000,0.000000,0.000000,0.200000,0.000000,0.000000
36.912500,12.000000,0.000000,0.000000,0.000000,0.200000,0.000000,0.000000
36.925000,12.000000,0.000000,0.000000,0.000000,0.200000,0.000000,0.000000
36.937500,12.000000,0.000000,0.000000,0.000000,0.200000,0.000000,0.000000
36.950000,12.000000,0.000000,0.000000,0.000000,0.200000,0.000000,0.000000
36.962500,12.000000,0.000000,0.000000,0.000000,0.200000,0.000000,0.000000
36.975000,12.000000,0.000000,0.000000,0.000000,0.200000,0.000000,0.000000
36.987500,12.000000,0.000000,0.000000,0.000000,0.200000,0.000000,0.000000
37.000000,12.000000,0.000000,0.000000,0.000000,0.200000,0.000000,0.000000
37.012500,12.000000,0.000000,0.000000,0.000000,0.200000,0.000000,0.000000
37.025000,12.000000,0.000000,0.000000,0.000000,0.200000,0.000000,0.000000
37.037500,12.000000,0.000000,0.000000,0.000000,0.200000,0.000000,0.000000
37.050000,12.000000,0.000000,0.000000,0.000000,0.200000,0.000000,0.000000
37.062500,12.000000,0.000000,0.000000,0.000000,0.200000,0.000000,0.000000
37.075000,12.000000,0.000000,0.000000,0.000000,0.200000,0.000000,0.000000
37.087500,12.000000,0.000000,0.000000,0.000000,0.200000,0.000000,0.000000
37.100000,12.000000,0.000000,0.000000,0.000000,0.200000,0.000000,0.000000
37.112500,12.000000,0.000000,0.000000,0.000000,0.200000,0.000000,0.000000
37.125000,12.000000,0.000000,0.000000,0.000000,0.200000,0.000000,0.000000
37.137500,12.000000,0.000000,0.000000,0.000000,0.200000,0.000000,0.000000
37.150000,12.000000,0.000000,0.000000,0.000000,0.200000,0.000000,0.000000
37.162500,12.000000,0.000000,0.000000,0.000000,0.200000,0.000000,0.000000
37.175000,12.000000,0.000000,0.000000,0.000000,0.200000,0.000000,0.000000
37.187500,12.000000,0.000000,0.000000,0.000000,0.200000,0.000000,0.000000
37.200000,12.000000,0.000000,0.000000,0.000000,0.200000,0.000000,0.000000
37.212500,12.000000,0.000000,0.000000,0.000000,0.200000,0.000000,0.000000
37.225000,12.000000,0.000000,0.000000,0.000000,0.200000,0.000000,0.000000
37.237500,12.000000,0.000000,0.000000,0.000000,0.200000,0.000000,0.000000
37.250000,12.000000,0.000000,0.000000,0.000000,0.200000,0.000000,0.000000
37.262500,12.000000,0.000000,0.000000,0.000000,0.200000,0.000000,0.000000
37.275000,12.000000,0.000000,0.000000,0.000000,0.200000,0.000000,0.000000
37.287500,12.000000,0.000000,0.000000,0.000000,0.200000,0.000000,0.000000
37.300000,12.000000,0.000000,0.000000,0.000000,0.200000,0.000000,0.000000
37.312500,12.000000,0.000000,0.000000,0.000000,0.200000,0.000000,0.000000
37.325000,12.000000,0.000000,0.000000,0.000000,0.200000,0.000000,0.000000
37.337500,12.000000,0.000000,0.000000,0.000000,0.200000,0.000000,0.000000
37.350000,12.000000,0.000000,0.000000,0.000000,0.200000,0.000000,0.000000
37.362500,12.000000,0.000000,0.000000,0.000000,0.200000,0.000000,0.000000
37.375000,12.000000,0.000000,0.000000,0.000000,0.200000,0.000000,0.000000
37.387500,12.000000,0.000000,0.000000,0.000000,0.200000,0.000000,0.000000
37.400000,12.000000,0.000000,0.000000,0.000000,0.200000,0.000000,0.000000
37.412500,12.000000,0.000000,0.000000,0.000000,0.200000,0.000000,0.000000
37.425000,12.000000,0.000000,0.000000,0.000000,0.200000,0.000000,0.000000
37.437500,12.000000,0.000000,0.000000,0.000000,0.200000,0.000000,0.000000
37.450000,12.000000,0.000000,0.000000,0.000000,0.200000,0.000000,0.000000
37.462500,12.000000,0.000000,0.000000,0.000000,0.200000,0.000000,0.000000
37.475000,12.000000,0.000000,0.000000,0.000000,0.200000,0.000000,0.000000
37.487500,12.000000,0.000000,0.000000,0.000000,0.200000,0.000000,0.000000
37.500000,12.000000,0.000000,0.000000,0.000000,0.200000,0.000000,0.000000
37.512500,12.000000,0.000000,0.000000,0.000000,0.200000,0.000000,0.000000
37.525000,12.000000,0.000000,0.000000,0.000000,0.200000,0.000000,0.000000
37.537500,12.000000,0.000000,0.000000,0.000000,0.200000,0.000000,0.000000
37.550000,12.000000,0.000000,0.000000,0.000000,0.200000,0.000000,0.000000
37.562500,12.000000,0.000000,0.000000,0.000000,0.200000,0.000000,0.000000
37.575000,12.000000,0.000000,0.000000,0.000000,0.200000,0.000000,0.000000
37.587500,12.000000,0.000000,0.000000,0.000000,0.200000,0.000000,0.000000
37.600000,12.000000,0.000000,0.000000,0.000000,0.200000,0.000000,0.000000
37.612500,12.000000,0.000000,0.000000,0.000000,0.200000,0.000000,0.000000
37.625000,12.000000,0.000000,0.000000,0.000000,0.200000,0.000000,0.000000
37.637500,12.000000,0.000000,0.000000,0.000000,0.200000,0.000000,0.000000
37.650000,12.000000,0.000000,0.000000,0.000000,0.200000,0.000000,0.000000
37.662500,12.000000,0.000000,0.000000,0.000000,0.200000,0.000000,0.000000
37.675000,12.000000,0.000000,0.000000,0.000000,0.200000,0.000000,0.000000
37.687500,12.000000,0.000000,0.000000,0.000000,0.200000,0.000000,0.000000
37.700000,12.000000,0.000000,0.000000,0.000000,0.200000,0.000000,0.000000
37.712500,12.000000,0.000000,0.000000,0.000000,0.200000,0.000000,0.000000
37.725000,12.000000,0.000000,0.000000,0.000000,0.200000,0.000000,0.000000
37.737500,12.000000,0.000000,0.000000,0.000000,0.200000,0.000000,0.000000
37.750000,12.000000,0.000000,0.000000,0.000000,0.200000,0.000000,0.000000
37.762500,12.000000,0.000000,0.000000,0.000000,0.200000,0.000000,0.000000
37.775000,12.000000,0.000000,0.000000,0.000000,0.200000,0.000000,0.000000
37.787500,12.000000,0.000000,0.000000,0.000000,0.200000,0.000000,0.000000
37.800000,12.000000,0.000000,0.000000,0.000000,0.200000,0.000000,0.000000
37.812500,12.000000,0.000000,0.000000,0.000000,0.200000,0.000000,0.000000
37.825000,12.000000,0.000000,0.000000,0.000000,0.200000,0.000000,0.000000
37.837500,12.000000,0.000000,0.000000,0.000000,0.200000,0.000000,0.000000
37.850000,12.000000,0.000000,0.000000,0.000000,0.200000,0.000000,0.000000
37.862500,12.000000,0.000000,0.000000,0.000000,0.200000,0.000000,0.000000
37.875000,12.000000,0.000000,0.000000,0.000000,0.200000,0.000000,0.000000
37.887500,12.000000,0.000000,0.000000,0.000000,0.200000,0.000000,0.000000
37.900000,12.000000,0.000000,0.000000,0.000000,0.200000,0.000000,0.000000
37.912500,12.000000,0.000000,0.000000,0.000000,0.200000,0.000000,0.000000
37.925000,12.000000,0.000000,0.000000,0.000000,0.200000,0.000000,0.000000
37.937500,12.000000,0.000000,0.000000,0.000000,0.200000,0.000000,0.000000
37.950000,12.000000,0.000000,0.000000,0.000000,0.200000,0.000000,0.000000
37.962500,12.000000,0.000000,0.000000,0.000000,0.200000,0.000000,0.000000
37.975000,12.000000,0.000000,0.000000,0.000000,0.200000,0.000000,0.000000
37.987500,12.000000,0.000000,0.000000,0.000000,0.200000,0.000000,0.000000
38.000000,12.000000,0.000000,0.000000,0.000000,0.200000,0.000000,0.000000
38.012500,12.000000,0.000000,0.000000,0.000000,0.200000,0.000000,0.000000
38.025000,12.000000,0.000000,0.000000,0.000000,0.200000,0.000000,0.000000
38.037500,12.000000,0.000000,0.000000,0.000000,0.200000,0.000000,0.000000
38.050000,12.000000,0.000000,0.000000,0.000000,0.200000,0.000000,0.000000
38.062500,12.000000,0.000000,0.000000,0.000000,0.200000,0.000000,0.000000
38.075000,12.000000,0.000000,0.000000,0.000000,0.200000,0.000000,0.000000
38.087500,12.000000,0.000000,0.000000,0.000000,0.200000,0.000000,0.000000
38.100000,12.000000,0.000000,0.000000,0.000000,0.200000,0.000000,0.000000
38.112500,12.000000,0.000000,0.000000,0.000000,0.200000,0.000000,0.000000
38.125000,12.000000,0.000000,0.000000,0.000000,0.200000,0.000000,0.000000
38.137500,12.000000,0.000000,0.000000,0.000000,0.200000,0.000000,0.000000
38.150000,12.000000,0.000000,0.000000,0.000000,0.200000,0.000000,0.000000
38.162500,12.000000,0.000000,0.000000,0.000000,0.200000,0.000000,0.000000
38.175000,12.000000,0.000000,0.000000,0.000000,0.200000,0.000000,0.000000
38.187500,12.000000,0.000000,0.000000,0.000000,0.200000,0.000000,0.000000
38.200000,12.000000,0.000000,0.000000,0.000000,0.200000,0.000000,0.000000
38.212500,12.000000,0.000000,0.000000,0.000000,0.200000,0.000000,0.000000
38.225000,12.000000,0.000000,0.000000,0.000000,0.200000,0.000000,0.000000
38.237500,12.000000,0.000000,0.000000,0.000000,0.200000,0.000000,0.000000
38.250000,12.000000,0.000000,0.000000,0.000000,0.200000,0.000000,0.000000
38.262500,12.000000,0.000000,0.000000,0.000000,0.200000,0.000000,0.000000
38.275000,12.000000,0.000000,0.000000,0.000000,0.200000,0.000000,0.000000
38.287500,12.000000,0.000000,0.000000,0.000000,0.200000,0.000000,0.000000
38.300000,12.000000,0.000000,0.000000,0.000000,0.200000,0.000000,0.000000
38.312500,12.000000,0.000000,0.000000,0.000000,0.200000,0.000000,0.000000
38.325000,12.000000,0.000000,0.000000,0.000000,0.200000,0.000000,0.000000
38.337500,12.000000,0.000000,0.000000,0.000000,0.200000,0.000000,0.000000
38.350000,12.000000,0.000000,0.000000,0.000000,0.200000,0.000000,0.000000
38.362500,12.000000,0.000000,0.000000,0.000000,0.200000,0.000000,0.000000
38.375000,12.000000,0.000000,0.000000,0.000000,0.200000,0.000000,0.000000
38.387500,12.000000,0.000000,0.000000,0.000000,0.200000,0.000000,0.000000
38.400000,12.000000,0.000000,0.000000,0.000000,0.200000,0.000000,0.000000
38.412500,12.000000,0.000000,0.000000,0.000000,0.200000,0.000000,0.000000
38.425000,12.000000,0.000000,0.000000,0.000000,0.200000,0.000000,0.000000
38.437500,12.000000,0.000000,0.000000,0.000000,0.200000,0.000000,0.000000
38.450000,12.000000,0.000000,0.000000,0.000000,0.200000,0.000000,0.000000
38.462500,12.000000,0.000000,0.000000,0.000000,0.200000,0.000000,0.000000
38.475000,12.000000,0.000000,0.000000,0.000000,0.200000,0.000000,0.000000
38.487500,12.000000,0.000000,0.000000,0.000000,0.200000,0.000000,0.000000
38.500000,12.000000,0.000000,0.000000,0.000000,0.200000,0.000000,0.000000
38.512500,12.000000,0.000000,0.000000,0.000000,0.200000,0.000000,0.000000
38.525000,12.000000,0.000000,0.000000,0.000000,0.200000,0.000000,0.000000
38.537500,12.000000,0.000000,0.000000,0.000000,0.200000,0.000000,0.000000
38.550000,12.000000,0.000000,0.000000,0.000000,0.200000,0.000000,0.000000
38.562500,12.000000,0.000000,0.000000,0.000000,0.200000,0.000000,0.000000
38.575000,12.000000,0.000000,0.000000,0.000000,0.200000,0.000000,0.000000
38.587500,12.000000,0.000000,0.000000,0.000000,0.200000,0.000000,0.000000
38.600000,12.000000,0.000000,0.000000,0.000000,0.200000,0.000000,0.000000
38.612500,12.000000,0.000000,0.000000,0.000000,0.200000,0.000000,0.000000
38.625000,12.000000,0.000000,0.000000,0.000000,0.200000,0.000000,0.000000
38.637500,12.000000,0.000000,0.000000,0.000000,0.200000,0.000000,0.000000
38.650000,12.000000,0.000000,0.000000,0.000000,0.200000,0.000000,0.000000
38.662500,12.000000,0.000000,0.000000,0.000000,0.200000,0.000000,0.000000
38.675000,12.000000,0.000000,0.000000,0.000000,0.200000,0.000000,0.000000
38.687500,12.000000,0.000000,0.000000,0.000000,0.200000,0.000000,0.000000
38.700000,12.000000,0.000000,0.000000,0.000000,0.200000,0.000000,0.000000
38.712500,12.000000,0.000000,0.000000,0.000000,0.200000,0.000000,0.000000
38.725000,12.000000,0.000000,0.000000,0.000000,0.200000,0.000000,0.000000
38.737500,12.000000,0.000000,0.000000,0.000000,0.200000,0.000000,0.000000
38.750000,12.000000,0.000000,0.000000,0.000000,0.200000,0.000000,0.000000
38.762500,12.000000,0.000000,0.000000,0.000000,0.200000,0.000000,0.000000
38.775000,12.000000,0.000000,0.000000,0.000000,0.200000,0.000000,0.000000
38.787500,12.000000,0.000000,0.000000,0.000000,0.200000,0.000000,0.000000
38.800000,12.000000,0.000000,0.000000,0.000000,0.200000,0.000000,0.000000
38.812500,12.000000,0.000000,0.000000,0.000000,0.200000,0.000000,0.000000
38.825000,12.000000,0.000000,0.000000,0.000000,0.200000,0.000000,0.000000
38.837500,12.000000,0.000000,0.000000,0.000000,0.200000,0.000000,0.000000
38.850000,12.000000,0.000000,0.000000,0.000000,0.200000,0.000000,0.000000
38.862500,12.000000,0.000000,0.000000,0.000000,0.200000,0.000000,0.000000
38.875000,12.000000,0.000000,0.000000,0.000000,0.200000,0.000000,0.000000
38.887500,12.000000,0.000000,0.000000,0.000000,0.200000,0.000000,0.000000
38.900000,12.000000,0.000000,0.000000,0.000000,0.200000,0.000000,0.000000
38.912500,12.000000,0.000000,0.000000,0.000000,0.200000,0.000000,0.000000
38.925000,12.000000,0.000000,0.000000,0.000000,0.200000,0.000000,0.000000
38.937500,12.000000,0.000000,0.000000,0.000000,0.200000,0.000000,0.000000
38.950000,12.000000,0.000000,0.000000,0.000000,0.200000,0.000000,0.000000
38.962500,12.000000,0.000000,0.000000,0.000000,0.200000,0.000000,0.000000
38.975000,12.000000,0.000000,0.000000,0.000000,0.200000,0.000000,0.000000
38.987500,12.000000,0.000000,0.000000,0.000000,0.200000,0.000000,0.000000
39.000000,12.000000,0.000000,0.000000,0.000000,0.200000,0.000000,0.000000
39.012500,12.000000,0.000000,0.000000,0.000000,0.200000,0.000000,0.000000
39.025000,12.000000,0.000000,0.000000,0.000000,0.200000,0.000000,0.000000
39.037500,12.000000,0.000000,0.000000,0.000000,0.200000,0.000000,0.000000
39.050000,12.000000,0.000000,0.000000,0.000000,0.200000,0.000000,0.000000
39.062500,12.000000,0.000000,0.000000,0.000000,0.200000,0.000000,0.000000
39.075000,12.000000,0.000000,0.000000,0.000000,0.200000,0.000000,0.000000
39.087500,12.000000,0.000000,0.000000,0.000000,0.200000,0.000000,0.000000
39.100000,12.000000,0.000000,0.000000,0.000000,0.200000,0.000000,0.000000
39.112500,12.000000,0.000000,0.000000,0.000000,0.200000,0.000000,0.000000
39.125000,12.000000,0.000000,0.000000,0.000000,0.200000,0.000000,0.000000
39.137500,12.000000,0.000000,0.000000,0.000000,0.200000,0.000000,0.000000
39.150000,12.000000,0.000000,0.000000,0.000000,0.200000,0.000000,0.000000
39.162500,12.000000,0.000000,0.000000,0.000000,0.200000,0.000000,0.000000
39.175000,12.000000,0.000000,0.000000,0.000000,0.200000,0.000000,0.000000
39.187500,12.000000,0.000000,0.000000,0.000000,0.200000,0.000000,0.000000
39.200000,12.000000,0.000000,0.000000,0.000000,0.200000,0.000000,0.000000
39.212500,12.000000,0.000000,0.000000,0.000000,0.200000,0.000000,0.000000
39.225000,12.000000,0.000000,0.000000,0.000000,0.200000,0.000000,0.000000
39.237500,12.000000,0.000000,0.000000,0.000000,0.200000,0.000000,0.000000
39.250000,12.000000,0.000000,0.000000,0.000000,0.200000,0.000000,0.000000
39.262500,12.000000,0.000000,0.000000,0.000000,0.200000,0.000000,0.000000
39.275000,12.000000,0.000000,0.000000,0.000000,0.200000,0.000000,0.000000
39.287500,12.000000,0.000000,0.000000,0.000000,0.200000,0.000000,0.000000
39.300000,12.000000,0.000000,0.000000,0.000000,0.200000,0.000000,0.000000
39.312500,12.000000,0.000000,0.000000,0.000000,0.200000,0.000000,0.000000
39.325000,12.000000,0.000000,0.000000,0.000000,0.200000,0.000000,0.000000
39.337500,12.000000,0.000000,0.000000,0.000000,0.200000,0.000000,0.000000
39.350000,12.000000,0.000000,0.000000,0.000000,0.200000,0.000000,0.000000
39.362500,12.000000,0.000000,0.000000,0.000000,0.200000,0.000000,0.000000
39.375000,12.000000,0.000000,0.000000,0.000000,0.200000,0.000000,0.000000
39.387500,12.000000,0.000000,0.000000,0.000000,0.200000,0.000000,0.000000
39.400000,12.000000,0.000000,0.000000,0.000000,0.200000,0.000000,0.000000
39.412500,12.000000,0.000000,0.000000,0.000000,0.200000,0.000000,0.000000
39.425000,12.000000,0.000000,0.000000,0.000000,0.200000,0.000000,0.000000
39.437500,12.000000,0.000000,0.000000,0.000000,0.200000,0.000000,0.000000
39.450000,12.000000,0.000000,0.000000,0.000000,0.200000,0.000000,0.000000
39.462500,12.000000,0.000000,0.000000,0.000000,0.200000,0.000000,0.000000
39.475000,12.000000,0.000000,0.000000,0.000000,0.200000,0.000000,0.000000
39.487500,12.000000,0.000000,0.000000,0.000000,0.200000,0.000000,0.000000
39.500000,12.000000,0.000000,0.000000,0.000000,0.200000,0.000000,0.000000
39.512500,12.000000,0.000000,0.000000,0.000000,0.200000,0.000000,0.000000
39.525000,12.000000,0.000000,0.000000,0.000000,0.200000,0.000000,0.000000
39.537500,12.000000,0.000000,0.000000,0.000000,0.200000,0.000000,0.000000
39.550000,12.000000,0.000000,0.000000,0.000000,0.200000,0.000000,0.000000
39.562500,12.000000,0.000000,0.000000,0.000000,0.200000,0.000000,0.000000
39.575000,12.000000,0.000000,0.000000,0.000000,0.200000,0.000000,0.000000
39.587500,12.000000,0.000000,0.000000,0.000000,0.200000,0.000000,0.000000
39.600000,12.000000,0.000000,0.000000,0.000000,0.200000,0.000000,0.000000
39.612500,12.000000,0.000000,0.000000,0.000000,0.200000,0.000000,0.000000
39.625000,12.000000,0.000000,0.000000,0.000000,0.200000,0.000000,0.000000
39.637500,12.000000,0.000000,0.000000,0.000000,0.200000,0.000000,0.000000
39.650000,12.000000,0.000000,0.000000,0.000000,0.200000,0.000000,0.000000
39.662500,12.000000,0.000000,0.000000,0.000000,0.200000,0.000000,0.000000
39.675000,12.000000,0.000000,0.000000,0.000000,0.200000,0.000000,0.000000
39.687500,12.000000,0.000000,0.000000,0.000000,0.200000,0.000000,0.000000
39.700000,12.000000,0.000000,0.000000,0.000000,0.200000,0.000000,0.000000
39.712500,12.000000,0.000000,0.000000,0.000000,0.200000,0.000000,0.000000
39.725000,12.000000,0.000000,0.000000,0.000000,0.200000,0.000000,0.000000
39.737500,12.000000,0.000000,0.000000,0.000000,0.200000,0.000000,0.000000
39.750000,12.000000,0.000000,0.000000,0.000000,0.200000,0.000000,0.000000
39.762500,12.000000,0.000000,0.000000,0.000000,0.200000,0.000000,0.000000
39.775000,12.000000,0.000000,0.000000,0.000000,0.200000,0.000000,0.000000
39.787500,12.000000,0.000000,0.000000,0.000000,0.200000,0.000000,0.000000
39.800000,12.000000,0.000000,0.000000,0.000000,0.200000,0.000000,0.000000
39.812500,12.000000,0.000000,0.000000,0.000000,0.200000,0.000000,0.000000
39.825000,12.000000,0.000000,0.000000,0.000000,0.200000,0.000000,0.000000
39.837500,12.000000,0.000000,0.000000,0.000000,0.200000,0.000000,0.000000
39.850000,12.000000,0.000000,0.000000,0.000000,0.200000,0.000000,0.000000
39.862500,12.000000,0.000000,0.000000,0.000000,0.200000,0.000000,0.000000
39.875000,12.000000,0.000000,0.000000,0.000000,0.200000,0.000000,0.000000
39.887500,12.000000,0.000000,0.000000,0.000000,0.200000,0.000000,0.000000
39.900000,12.000000,0.000000,0.000000,0.000000,0.200000,0.000000,0.000000
39.912500,12.000000,0.000000,0.000000,0.000000,0.200000,0.000000,0.000000
39.925000,12.000000,0.000000,0.000000,0.000000,0.200000,0.000000,0.000000
39.937500,12.000000,0.000000,0.000000,0.000000,0.200000,0.000000,0.000000
39.950000,12.000000,0.000000,0.000000,0.000000,0.200000,0.000000,0.000000
39.962500,12.000000,0.000000,0.000000,0.000000,0.200000,0.000000,0.000000
39.975000,12.000000,0.000000,0.000000,0.000000,0.200000,0.000000,0.000000
39.987500,12.000000,0.000000,0.000000,0.000000,0.200000,0.000000,0.000000
